{"logTime": "0925/123705", "level": "INFO", "message": "UserPrefStore loaded: error=NO_FILE (6)"}
{"logTime": "0925/123705", "level": "INFO", "message": "Preference changed: name=edge_vpn.enabled_globally, new_value=true, source=unknown"}
{"logTime": "0925/123705", "level": "INFO", "message": "Preference changed: name=edge_vpn.available, new_value=true, source=unknown"}
{"logTime": "0925/123705", "level": "INFO", "message": "Preference changed: name=profile_network_context_service.http_cache_finch_experiment_groups, new_value=\"None None None None\", source=unknown"}
{"logTime": "0925/123705", "level": "INFO", "message": "Preference changed: name=enterprise_profile_guid, new_value=\"0172e7c5-8044-4cc0-bc7b-164192707fca\", source=unknown"}
{"logTime": "0925/123705", "level": "INFO", "message": "Preference changed: name=extensions.last_chrome_version, new_value=\"154.0.4258.37\", source=unknown"}
{"logTime": "0925/123705", "level": "INFO", "message": "Preference changed: name=gaia_cookie.periodic_report_time_2, new_value=\"13434813425637435\", source=unknown"}
{"logTime": "0925/123705", "level": "INFO", "message": "Preference changed: name=optimization_guide.previously_registered_optimization_types, new_value=[object], source=unknown"}
{"logTime": "0925/123705", "level": "INFO", "message": "Preference changed: name=user_experience_metrics.personalization_data_consent_enabled_last_known_value, new_value=false, source=unknown"}
{"logTime": "0925/123705", "level": "INFO", "message": "Preference changed: name=profile.background_password_check, new_value=[object], source=unknown"}
{"logTime": "0925/123705", "level": "INFO", "message": "Preference changed: name=extensions.chrome_url_overrides, new_value=[object], source=unknown"}
{"logTime": "0925/123705", "level": "INFO", "message": "Preference changed: name=browser.recent_theme_color_list, new_value=[object], source=unknown"}
{"logTime": "0925/123705", "level": "INFO", "message": "Preference changed: name=browser.mai_ds_default_theme_type, new_value=1, source=unknown"}
{"logTime": "0925/123705", "level": "INFO", "message": "Preference changed: name=browser.color_theme_user_on_first_check, new_value=false, source=unknown"}
{"logTime": "0925/123705", "level": "INFO", "message": "Preference changed: name=browser.has_used_default_theme, new_value=true, source=unknown"}
{"logTime": "0925/123705", "level": "INFO", "message": "Preference changed: name=omnibox.work_organization_name.name, new_value=\"\", source=unknown"}
{"logTime": "0925/123705", "level": "INFO", "message": "Preference changed: name=countryid_at_install, new_value=18756, source=unknown"}
{"logTime": "0925/123705", "level": "INFO", "message": "Preference changed: name=reset_prepopulated_engines, new_value=false, source=unknown"}
{"logTime": "0925/123705", "level": "INFO", "message": "Preference changed: name=sessions.session_data_status, new_value=1, source=unknown"}
{"logTime": "0925/123705", "level": "INFO", "message": "Preference changed: name=sessions.event_log, new_value=[object], source=unknown"}
{"logTime": "0925/123705", "level": "INFO", "message": "Preference changed: name=optimization_guide.previously_registered_optimization_types, new_value=[object], source=unknown"}
{"logTime": "0925/123705", "level": "INFO", "message": "Preference changed: name=optimization_guide.previously_registered_optimization_types, new_value=[object], source=unknown"}
{"logTime": "0925/123705", "level": "INFO", "message": "Preference changed: name=optimization_guide.previously_registered_optimization_types, new_value=[object], source=unknown"}
{"logTime": "0925/123705", "level": "INFO", "message": "Preference changed: name=custom_links.list, new_value=[object], source=unknown"}
{"logTime": "0925/123705", "level": "INFO", "message": "Preference changed: name=browser.edge_sidebar_visibility, new_value=[object], source=unknown"}
{"logTime": "0925/123705", "level": "INFO", "message": "Preference changed: name=browser.edge_sidebar_visibility, new_value=[object], source=unknown"}
{"logTime": "0925/123705", "level": "INFO", "message": "Preference changed: name=saved_tab_groups.did_enable_shared_tab_groups_in_last_session, new_value=false, source=unknown"}
{"logTime": "0925/123705", "level": "INFO", "message": "Preference changed: name=optimization_guide.previously_registered_optimization_types, new_value=[object], source=unknown"}
{"logTime": "0925/123705", "level": "INFO", "message": "Preference changed: name=spellcheck.dictionaries, new_value=[object], source=unknown"}
{"logTime": "0925/123705", "level": "INFO", "message": "Preference changed: name=spellcheck.dictionary, new_value=\"\", source=unknown"}
{"logTime": "0925/123705", "level": "INFO", "message": "Preference changed: name=sync.edge_account_type, new_value=0, source=unknown"}
{"logTime": "0925/123705", "level": "INFO", "message": "Preference changed: name=sync.encryption_bootstrap_token_per_account_migration_done, new_value=true, source=unknown"}
{"logTime": "0925/123705", "level": "INFO", "message": "Preference changed: name=optimization_guide.previously_registered_optimization_types, new_value=[object], source=unknown"}
{"logTime": "0925/123705", "level": "INFO", "message": "Preference changed: name=safety_hub.unused_site_permissions_revocation.migration_completed, new_value=true, source=unknown"}
{"logTime": "0925/123705", "level": "INFO", "message": "Preference changed: name=edge_pinning_campaign.precomputed_campaign_data, new_value=[object], source=unknown"}
{"logTime": "0925/123705", "level": "INFO", "message": "Preference changed: name=profile.created_by_version, new_value=\"154.0.4258.37\", source=unknown"}
{"logTime": "0925/123705", "level": "INFO", "message": "Preference changed: name=profile.creation_time, new_value=\"13434813425503722\", source=unknown"}
{"logTime": "0925/123705", "level": "INFO", "message": "Preference changed: name=profile.edge_profile_id, new_value=\"2240a0cd-43e8-495d-a31a-50a077c0c60b\", source=unknown"}
{"logTime": "0925/123705", "level": "INFO", "message": "Preference changed: name=family_safety.web_filtering_enabled, new_value=false, source=unknown"}
{"logTime": "0925/123705", "level": "INFO", "message": "Preference changed: name=family_safety.activity_reporting_enabled, new_value=false, source=unknown"}
{"logTime": "0925/123705", "level": "INFO", "message": "Preference changed: name=profile.network_pbs, new_value=[object], source=unknown"}
{"logTime": "0925/123705", "level": "INFO", "message": "Preference changed: name=privacy_sandbox.first_party_sets_data_access_allowed_initialized, new_value=true, source=unknown"}
{"logTime": "0925/123705", "level": "INFO", "message": "Preference changed: name=default_apps_install_state, new_value=3, source=unknown"}
{"logTime": "0925/123705", "level": "INFO", "message": "Preference changed: name=extensions.alerts.initialized, new_value=true, source=unknown"}
{"logTime": "0925/123705", "level": "INFO", "message": "Preference changed: name=extensions.pdf_upsell_triggered, new_value=false, source=unknown"}
{"logTime": "0925/123705", "level": "INFO", "message": "Preference changed: name=extensions.settings, new_value=[object], source=unknown"}
{"logTime": "0925/123705", "level": "INFO", "message": "Preference changed: name=extensions.settings, new_value=[object], source=unknown"}
{"logTime": "0925/123705", "level": "INFO", "message": "Preference changed: name=extensions.settings, new_value=[object], source=unknown"}
{"logTime": "0925/123705", "level": "INFO", "message": "Preference changed: name=extensions.settings, new_value=[object], source=unknown"}
{"logTime": "0925/123705", "level": "INFO", "message": "Preference changed: name=extensions.settings, new_value=[object], source=unknown"}
{"logTime": "0925/123705", "level": "INFO", "message": "Preference changed: name=extensions.settings, new_value=[object], source=unknown"}
{"logTime": "0925/123705", "level": "INFO", "message": "Preference changed: name=extensions.settings, new_value=[object], source=unknown"}
{"logTime": "0925/123705", "level": "INFO", "message": "Preference changed: name=extensions.settings, new_value=[object], source=unknown"}
{"logTime": "0925/123705", "level": "INFO", "message": "Preference changed: name=extensions.settings, new_value=[object], source=unknown"}
{"logTime": "0925/123705", "level": "INFO", "message": "Preference changed: name=extensions.settings, new_value=[object], source=unknown"}
{"logTime": "0925/123705", "level": "INFO", "message": "Preference changed: name=extensions.settings, new_value=[object], source=unknown"}
{"logTime": "0925/123705", "level": "INFO", "message": "Preference changed: name=extensions.settings, new_value=[object], source=unknown"}
{"logTime": "0925/123705", "level": "INFO", "message": "Preference changed: name=extensions.settings, new_value=[object], source=unknown"}
{"logTime": "0925/123705", "level": "INFO", "message": "Preference changed: name=extensions.settings, new_value=[object], source=unknown"}
{"logTime": "0925/123705", "level": "INFO", "message": "Preference changed: name=extensions.settings, new_value=[object], source=unknown"}
{"logTime": "0925/123705", "level": "INFO", "message": "Preference changed: name=extensions.settings, new_value=[object], source=unknown"}
{"logTime": "0925/123705", "level": "INFO", "message": "Preference changed: name=extensions.settings, new_value=[object], source=unknown"}
{"logTime": "0925/123705", "level": "INFO", "message": "Preference changed: name=extensions.settings, new_value=[object], source=unknown"}
{"logTime": "0925/123705", "level": "INFO", "message": "Preference changed: name=extensions.settings, new_value=[object], source=unknown"}
{"logTime": "0925/123705", "level": "INFO", "message": "Preference changed: name=extensions.settings, new_value=[object], source=unknown"}
{"logTime": "0925/123705", "level": "INFO", "message": "Preference changed: name=extensions.settings, new_value=[object], source=unknown"}
{"logTime": "0925/123705", "level": "INFO", "message": "Preference changed: name=extensions.settings, new_value=[object], source=unknown"}
{"logTime": "0925/123705", "level": "INFO", "message": "Preference changed: name=extensions.settings, new_value=[object], source=unknown"}
{"logTime": "0925/123705", "level": "INFO", "message": "Preference changed: name=extensions.settings, new_value=[object], source=unknown"}
{"logTime": "0925/123705", "level": "INFO", "message": "Preference changed: name=extensions.settings, new_value=[object], source=unknown"}
{"logTime": "0925/123705", "level": "INFO", "message": "Preference changed: name=extensions.settings, new_value=[object], source=unknown"}
{"logTime": "0925/123705", "level": "INFO", "message": "Preference changed: name=extensions.settings, new_value=[object], source=unknown"}
{"logTime": "0925/123705", "level": "INFO", "message": "Preference changed: name=extensions.settings, new_value=[object], source=unknown"}
{"logTime": "0925/123705", "level": "INFO", "message": "Preference changed: name=extensions.settings, new_value=[object], source=unknown"}
{"logTime": "0925/123705", "level": "INFO", "message": "Preference changed: name=extensions.settings, new_value=[object], source=unknown"}
{"logTime": "0925/123705", "level": "INFO", "message": "Preference changed: name=extensions.settings, new_value=[object], source=unknown"}
{"logTime": "0925/123705", "level": "INFO", "message": "Preference changed: name=extensions.settings, new_value=[object], source=unknown"}
{"logTime": "0925/123705", "level": "INFO", "message": "Preference changed: name=extensions.settings, new_value=[object], source=unknown"}
{"logTime": "0925/123705", "level": "INFO", "message": "Preference changed: name=extensions.settings, new_value=[object], source=unknown"}
{"logTime": "0925/123705", "level": "INFO", "message": "Preference changed: name=extensions.settings, new_value=[object], source=unknown"}
{"logTime": "0925/123705", "level": "INFO", "message": "Preference changed: name=extensions.settings, new_value=[object], source=unknown"}
{"logTime": "0925/123705", "level": "INFO", "message": "Preference changed: name=extensions.settings, new_value=[object], source=unknown"}
{"logTime": "0925/123705", "level": "INFO", "message": "Preference changed: name=extensions.settings, new_value=[object], source=unknown"}
{"logTime": "0925/123705", "level": "INFO", "message": "Preference changed: name=extensions.settings, new_value=[object], source=unknown"}
{"logTime": "0925/123705", "level": "INFO", "message": "Preference changed: name=extensions.settings, new_value=[object], source=unknown"}
{"logTime": "0925/123705", "level": "INFO", "message": "Preference changed: name=extensions.settings, new_value=[object], source=unknown"}
{"logTime": "0925/123705", "level": "INFO", "message": "Preference changed: name=extensions.settings, new_value=[object], source=unknown"}
{"logTime": "0925/123705", "level": "INFO", "message": "Preference changed: name=extensions.settings, new_value=[object], source=unknown"}
{"logTime": "0925/123705", "level": "INFO", "message": "Preference changed: name=extensions.settings, new_value=[object], source=unknown"}
{"logTime": "0925/123705", "level": "INFO", "message": "Preference changed: name=extensions.settings, new_value=[object], source=unknown"}
{"logTime": "0925/123705", "level": "INFO", "message": "Preference changed: name=extensions.settings, new_value=[object], source=unknown"}
{"logTime": "0925/123705", "level": "INFO", "message": "Preference changed: name=extensions.settings, new_value=[object], source=unknown"}
{"logTime": "0925/123705", "level": "INFO", "message": "Preference changed: name=extensions.settings, new_value=[object], source=unknown"}
{"logTime": "0925/123705", "level": "INFO", "message": "Preference changed: name=extensions.settings, new_value=[object], source=unknown"}
{"logTime": "0925/123705", "level": "INFO", "message": "Preference changed: name=extensions.settings, new_value=[object], source=unknown"}
{"logTime": "0925/123705", "level": "INFO", "message": "Preference changed: name=extensions.settings, new_value=[object], source=unknown"}
{"logTime": "0925/123705", "level": "INFO", "message": "Preference changed: name=extensions.settings, new_value=[object], source=unknown"}
{"logTime": "0925/123705", "level": "INFO", "message": "Preference changed: name=extensions.settings, new_value=[object], source=unknown"}
{"logTime": "0925/123705", "level": "INFO", "message": "Preference changed: name=extensions.settings, new_value=[object], source=unknown"}
{"logTime": "0925/123705", "level": "INFO", "message": "Preference changed: name=extensions.settings, new_value=[object], source=unknown"}
{"logTime": "0925/123705", "level": "INFO", "message": "Preference changed: name=extensions.settings, new_value=[object], source=unknown"}
{"logTime": "0925/123705", "level": "INFO", "message": "Preference changed: name=extensions.settings, new_value=[object], source=unknown"}
{"logTime": "0925/123705", "level": "INFO", "message": "Preference changed: name=extensions.settings, new_value=[object], source=unknown"}
{"logTime": "0925/123705", "level": "INFO", "message": "Preference changed: name=extensions.settings, new_value=[object], source=unknown"}
{"logTime": "0925/123705", "level": "INFO", "message": "Preference changed: name=extensions.settings, new_value=[object], source=unknown"}
{"logTime": "0925/123705", "level": "INFO", "message": "Preference changed: name=extensions.settings, new_value=[object], source=unknown"}
{"logTime": "0925/123705", "level": "INFO", "message": "Preference changed: name=extensions.settings, new_value=[object], source=unknown"}
{"logTime": "0925/123705", "level": "INFO", "message": "Preference changed: name=extensions.settings, new_value=[object], source=unknown"}
{"logTime": "0925/123705", "level": "INFO", "message": "Preference changed: name=extensions.settings, new_value=[object], source=unknown"}
{"logTime": "0925/123705", "level": "INFO", "message": "Preference changed: name=extensions.settings, new_value=[object], source=unknown"}
{"logTime": "0925/123705", "level": "INFO", "message": "Preference changed: name=extensions.settings, new_value=[object], source=unknown"}
{"logTime": "0925/123705", "level": "INFO", "message": "Preference changed: name=extensions.settings, new_value=[object], source=unknown"}
{"logTime": "0925/123705", "level": "INFO", "message": "Preference changed: name=extensions.settings, new_value=[object], source=unknown"}
{"logTime": "0925/123705", "level": "INFO", "message": "Preference changed: name=extensions.settings, new_value=[object], source=unknown"}
{"logTime": "0925/123705", "level": "INFO", "message": "Preference changed: name=extensions.settings, new_value=[object], source=unknown"}
{"logTime": "0925/123705", "level": "INFO", "message": "Preference changed: name=extensions.settings, new_value=[object], source=unknown"}
{"logTime": "0925/123705", "level": "INFO", "message": "Preference changed: name=extensions.settings, new_value=[object], source=unknown"}
{"logTime": "0925/123705", "level": "INFO", "message": "Preference changed: name=extensions.settings, new_value=[object], source=unknown"}
{"logTime": "0925/123705", "level": "INFO", "message": "Preference changed: name=extensions.settings, new_value=[object], source=unknown"}
{"logTime": "0925/123705", "level": "INFO", "message": "Preference changed: name=extensions.settings, new_value=[object], source=unknown"}
{"logTime": "0925/123705", "level": "INFO", "message": "Preference changed: name=extensions.settings, new_value=[object], source=unknown"}
{"logTime": "0925/123705", "level": "INFO", "message": "Preference changed: name=extensions.settings, new_value=[object], source=unknown"}
{"logTime": "0925/123705", "level": "INFO", "message": "Preference changed: name=extensions.settings, new_value=[object], source=unknown"}
{"logTime": "0925/123705", "level": "INFO", "message": "Preference changed: name=extensions.settings, new_value=[object], source=unknown"}
{"logTime": "0925/123705", "level": "INFO", "message": "Preference changed: name=extensions.settings, new_value=[object], source=unknown"}
{"logTime": "0925/123705", "level": "INFO", "message": "Preference changed: name=extensions.settings, new_value=[object], source=unknown"}
{"logTime": "0925/123705", "level": "INFO", "message": "Preference changed: name=extensions.settings, new_value=[object], source=unknown"}
{"logTime": "0925/123705", "level": "INFO", "message": "Preference changed: name=extensions.settings, new_value=[object], source=unknown"}
{"logTime": "0925/123705", "level": "INFO", "message": "Preference changed: name=extensions.settings, new_value=[object], source=unknown"}
{"logTime": "0925/123705", "level": "INFO", "message": "Preference changed: name=extensions.settings, new_value=[object], source=unknown"}
{"logTime": "0925/123705", "level": "INFO", "message": "Preference changed: name=extensions.settings, new_value=[object], source=unknown"}
{"logTime": "0925/123705", "level": "INFO", "message": "Preference changed: name=extensions.settings, new_value=[object], source=unknown"}
{"logTime": "0925/123705", "level": "INFO", "message": "Preference changed: name=extensions.settings, new_value=[object], source=unknown"}
{"logTime": "0925/123705", "level": "INFO", "message": "Preference changed: name=extensions.settings, new_value=[object], source=unknown"}
{"logTime": "0925/123705", "level": "INFO", "message": "Preference changed: name=extensions.settings, new_value=[object], source=unknown"}
{"logTime": "0925/123705", "level": "INFO", "message": "Preference changed: name=extensions.settings, new_value=[object], source=unknown"}
{"logTime": "0925/123705", "level": "INFO", "message": "Preference changed: name=extensions.settings, new_value=[object], source=unknown"}
{"logTime": "0925/123705", "level": "INFO", "message": "Preference changed: name=extensions.settings, new_value=[object], source=unknown"}
{"logTime": "0925/123705", "level": "INFO", "message": "Preference changed: name=extension.installed_extension_count, new_value=9, source=unknown"}
{"logTime": "0925/123705", "level": "INFO", "message": "Preference changed: name=profile.password_hash_data_list, new_value=[object], source=unknown"}
{"logTime": "0925/123705", "level": "INFO", "message": "Preference changed: name=continuous_migration.equal_opt_out_users_data.backfilled, new_value=true, source=unknown"}
{"logTime": "0925/123705", "level": "INFO", "message": "Preference changed: name=edge.profile_sso_info.is_first_profile, new_value=true, source=unknown"}
{"logTime": "0925/123705", "level": "INFO", "message": "Preference changed: name=edge.profile_sso_info.aad_sso_algo_state, new_value=1, source=unknown"}
{"logTime": "0925/123705", "level": "INFO", "message": "Preference changed: name=edge.msa_sso_info.allow_for_non_msa_profile, new_value=true, source=unknown"}
{"logTime": "0925/123705", "level": "INFO", "message": "Preference changed: name=edge.profile_sso_info.is_msa_first_profile, new_value=true, source=unknown"}
{"logTime": "0925/123705", "level": "INFO", "message": "Preference changed: name=edge.profile_sso_info.msa_sso_algo_state, new_value=1, source=unknown"}
{"logTime": "0925/123705", "level": "INFO", "message": "Preference changed: name=browser.available_dark_theme_options, new_value=\"All\", source=unknown"}
{"logTime": "0925/123705", "level": "INFO", "message": "Preference changed: name=optimization_guide.previously_registered_optimization_types, new_value=[object], source=unknown"}
{"logTime": "0925/123705", "level": "INFO", "message": "Preference changed: name=browser.show_toolbar_workspaces_button, new_value=false, source=unknown"}
{"logTime": "0925/123705", "level": "INFO", "message": "Preference changed: name=browser.show_downloads_hub_pinned, new_value=false, source=unknown"}
{"logTime": "0925/123705", "level": "INFO", "message": "Preference changed: name=toolbar.pinned_chrome_labs_migration_complete, new_value=true, source=unknown"}
{"logTime": "0925/123705", "level": "INFO", "message": "Preference changed: name=toolbar.pinned_cast_migration_complete, new_value=true, source=unknown"}
{"logTime": "0925/123706", "level": "INFO", "message": "Preference changed: name=in_product_help.session_start_time, new_value=\"13434813426003661\", source=unknown"}
{"logTime": "0925/123706", "level": "INFO", "message": "Preference changed: name=in_product_help.session_number, new_value=2, source=unknown"}
{"logTime": "0925/123706", "level": "INFO", "message": "Preference changed: name=in_product_help.session_last_active_time, new_value=\"13434813426003661\", source=unknown"}
{"logTime": "0925/123706", "level": "INFO", "message": "Preference changed: name=in_product_help.recent_session_enabled_time, new_value=\"13434813426003661\", source=unknown"}
{"logTime": "0925/123706", "level": "INFO", "message": "Preference changed: name=in_product_help.recent_session_start_times, new_value=[object], source=unknown"}
{"logTime": "0925/123706", "level": "INFO", "message": "Preference changed: name=media_router.receiver_id_hash_token, new_value=\"w53px5iU2L/DnfKLwECVHoy1kRnRZPhC4Ff6LJde46YSOROC7kJCgXpA8GuDkgdNrZd6o8DiYthvdBYt73mGwA==\", source=unknown"}
{"logTime": "0925/123706", "level": "INFO", "message": "Preference changed: name=intl.selected_languages, new_value=\"en-GB,en,en-US\", source=unknown"}
{"logTime": "0925/123706", "level": "INFO", "message": "Preference changed: name=sync.keep_everything_synced, new_value=false, source=unknown"}
{"logTime": "0925/123706", "level": "INFO", "message": "Preference changed: name=sync.bookmarks, new_value=true, source=unknown"}
{"logTime": "0925/123706", "level": "INFO", "message": "Preference changed: name=sync.preferences, new_value=true, source=unknown"}
{"logTime": "0925/123706", "level": "INFO", "message": "Preference changed: name=sync.passwords, new_value=true, source=unknown"}
{"logTime": "0925/123706", "level": "INFO", "message": "Preference changed: name=sync.autofill, new_value=true, source=unknown"}
{"logTime": "0925/123706", "level": "INFO", "message": "Preference changed: name=sync.typed_urls, new_value=true, source=unknown"}
{"logTime": "0925/123706", "level": "INFO", "message": "Preference changed: name=sync.extensions, new_value=true, source=unknown"}
{"logTime": "0925/123706", "level": "INFO", "message": "Preference changed: name=sync.apps, new_value=true, source=unknown"}
{"logTime": "0925/123706", "level": "INFO", "message": "Preference changed: name=sync.tabs, new_value=true, source=unknown"}
{"logTime": "0925/123706", "level": "INFO", "message": "Preference changed: name=sync.edge_workspaces, new_value=true, source=unknown"}
{"logTime": "0925/123706", "level": "INFO", "message": "Preference changed: name=sync.collections_edge_re_evaluated, new_value=true, source=unknown"}
{"logTime": "0925/123706", "level": "INFO", "message": "Preference changed: name=sync.history_edge_supported, new_value=true, source=unknown"}
{"logTime": "0925/123706", "level": "INFO", "message": "Preference changed: name=sync.extensions_edge_supported, new_value=true, source=unknown"}
{"logTime": "0925/123706", "level": "INFO", "message": "Preference changed: name=sync.tabs_edge_supported, new_value=true, source=unknown"}
{"logTime": "0925/123706", "level": "INFO", "message": "Preference changed: name=sync.edge_workspaces_edge_supported, new_value=true, source=unknown"}
{"logTime": "0925/123706", "level": "INFO", "message": "Preference changed: name=schedule_to_flush_to_disk, new_value=\"13434813426145043\", source=unknown"}
{"logTime": "0925/123706", "level": "INFO", "message": "Preference changed: name=schedule_to_flush_to_disk, new_value=\"13434813426145875\", source=unknown"}
{"logTime": "0925/123706", "level": "INFO", "message": "Preference changed: name=muid.last_sync, new_value=\"13434813426146259\", source=unknown"}
{"logTime": "0925/123706", "level": "INFO", "message": "Preference changed: name=bookmark.storage_computation_last_update, new_value=\"13434813426147194\", source=unknown"}
{"logTime": "0925/123706", "level": "INFO", "message": "Preference changed: name=edge.services.signin_scoped_device_id, new_value=\"61e20d6f-e4fa-448c-939e-3921dffb643f\", source=unknown"}
{"logTime": "0925/123706", "level": "INFO", "message": "Preference changed: name=account_tracker_service_last_update, new_value=\"13434813426165432\", source=unknown"}
{"logTime": "0925/123706", "level": "INFO", "message": "Preference changed: name=autofill.ai_last_version_deduped, new_value=154, source=unknown"}
{"logTime": "0925/123706", "level": "INFO", "message": "Preference changed: name=commerce_daily_metrics_last_update_time, new_value=\"13434813426168808\", source=unknown"}
{"logTime": "0925/123706", "level": "INFO", "message": "Preference changed: name=autofill.last_version_deduped, new_value=154, source=unknown"}
{"logTime": "0925/123706", "level": "INFO", "message": "Preference changed: name=autofill.edge_autofill_purge_low_quality_profiles_by_timeline, new_value=false, source=unknown"}
{"logTime": "0925/123706", "level": "INFO", "message": "Preference changed: name=optimization_guide.previously_registered_optimization_types, new_value=[object], source=unknown"}
{"logTime": "0925/123706", "level": "INFO", "message": "Preference changed: name=ntp.num_personal_suggestions, new_value=1, source=unknown"}
{"logTime": "0925/123706", "level": "INFO", "message": "Preference changed: name=dual_engine.sitelist_location, new_value=\"\", source=unknown"}
{"logTime": "0925/123706", "level": "INFO", "message": "Preference changed: name=dual_engine.sitelist_source, new_value=0, source=unknown"}
{"logTime": "0925/123706", "level": "INFO", "message": "Preference changed: name=dual_engine.consumer_sitelist_location, new_value=\"\", source=unknown"}
{"logTime": "0925/123706", "level": "INFO", "message": "Preference changed: name=dual_engine.sitelist_has_enterprise_data, new_value=false, source=unknown"}
{"logTime": "0925/123706", "level": "INFO", "message": "Preference changed: name=dual_engine.shared_cookie_data, new_value=[object], source=unknown"}
{"logTime": "0925/123706", "level": "INFO", "message": "Preference changed: name=dual_engine.sitelist_version, new_value=\"\", source=unknown"}
{"logTime": "0925/123706", "level": "INFO", "message": "Preference changed: name=dual_engine.sitelist_has_consumer_data, new_value=false, source=unknown"}
{"logTime": "0925/123706", "level": "INFO", "message": "Preference changed: name=dual_engine.consumer_site_list_with_ie_entries, new_value=false, source=unknown"}
{"logTime": "0925/123706", "level": "INFO", "message": "Preference changed: name=dual_engine.consumer_sitelist_version, new_value=\"\", source=unknown"}
{"logTime": "0925/123706", "level": "INFO", "message": "Preference changed: name=extensions.settings, new_value=[object], source=unknown"}
{"logTime": "0925/123706", "level": "INFO", "message": "Preference changed: name=extensions.settings, new_value=[object], source=unknown"}
{"logTime": "0925/123706", "level": "INFO", "message": "Preference changed: name=extensions.settings, new_value=[object], source=unknown"}
{"logTime": "0925/123706", "level": "INFO", "message": "Preference changed: name=extensions.settings, new_value=[object], source=unknown"}
{"logTime": "0925/123706", "level": "INFO", "message": "Preference changed: name=extensions.settings, new_value=[object], source=unknown"}
{"logTime": "0925/123706", "level": "INFO", "message": "Preference changed: name=extensions.settings, new_value=[object], source=unknown"}
{"logTime": "0925/123706", "level": "INFO", "message": "Preference changed: name=extensions.settings, new_value=[object], source=unknown"}
{"logTime": "0925/123706", "level": "INFO", "message": "Preference changed: name=extensions.settings, new_value=[object], source=unknown"}
{"logTime": "0925/123706", "level": "INFO", "message": "Preference changed: name=extensions.settings, new_value=[object], source=unknown"}
{"logTime": "0925/123706", "level": "INFO", "message": "Preference changed: name=extensions.settings, new_value=[object], source=unknown"}
{"logTime": "0925/123706", "level": "INFO", "message": "Preference changed: name=extensions.settings, new_value=[object], source=unknown"}
{"logTime": "0925/123706", "level": "INFO", "message": "Preference changed: name=extensions.settings, new_value=[object], source=unknown"}
{"logTime": "0925/123706", "level": "INFO", "message": "Preference changed: name=extensions.settings, new_value=[object], source=unknown"}
{"logTime": "0925/123706", "level": "INFO", "message": "Preference changed: name=extensions.settings, new_value=[object], source=unknown"}
{"logTime": "0925/123706", "level": "INFO", "message": "Preference changed: name=extensions.settings, new_value=[object], source=unknown"}
{"logTime": "0925/123706", "level": "INFO", "message": "Preference changed: name=extensions.settings, new_value=[object], source=unknown"}
{"logTime": "0925/123706", "level": "INFO", "message": "Preference changed: name=extensions.settings, new_value=[object], source=unknown"}
{"logTime": "0925/123706", "level": "INFO", "message": "Preference changed: name=extensions.settings, new_value=[object], source=unknown"}
{"logTime": "0925/123706", "level": "INFO", "message": "Preference changed: name=extensions.chrome_url_overrides, new_value=[object], source=unknown"}
{"logTime": "0925/123706", "level": "INFO", "message": "Preference changed: name=extensions.pinned_extensions, new_value=[object], source=unknown"}
{"logTime": "0925/123706", "level": "INFO", "message": "Preference changed: name=extensions.pinned_extension_migration, new_value=true, source=unknown"}
{"logTime": "0925/123706", "level": "INFO", "message": "Preference changed: name=typosquatting.allowlist_migration_done, new_value=true, source=unknown"}
{"logTime": "0925/123706", "level": "INFO", "message": "Preference changed: name=profile.edge_user_with_non_zero_passwords, new_value=false, source=unknown"}
{"logTime": "0925/123706", "level": "INFO", "message": "Preference changed: name=profile.edge_password_is_using_new_login_db_path, new_value=false, source=unknown"}
{"logTime": "0925/123706", "level": "INFO", "message": "Preference changed: name=profile.edge_password_login_db_path_flip_flop_count, new_value=0, source=unknown"}
{"logTime": "0925/123706", "level": "INFO", "message": "Preference changed: name=web_apps.link_handling_info.enabled_for_installed_apps, new_value=true, source=unknown"}
{"logTime": "0925/123706", "level": "INFO", "message": "Preference changed: name=apps.shortcuts_version, new_value=1, source=unknown"}
{"logTime": "0925/123706", "level": "INFO", "message": "Preference changed: name=apps.shortcuts_arch, new_value=\"\", source=unknown"}
{"logTime": "0925/123706", "level": "INFO", "message": "Preference changed: name=apps.shortcuts_os_version, new_value=\"\", source=unknown"}
{"logTime": "0925/123706", "level": "INFO", "message": "Preference changed: name=saved_tab_groups.specifics_to_data_migration, new_value=true, source=unknown"}
{"logTime": "0925/123706", "level": "INFO", "message": "Preference changed: name=media.engagement.schema_version, new_value=5, source=unknown"}
{"logTime": "0925/123706", "level": "INFO", "message": "Preference changed: name=edge_rewards.cache_data, new_value=\"CAA=\", source=unknown"}
{"logTime": "0925/123706", "level": "INFO", "message": "Preference changed: name=edge_rewards.refresh_status_muted_until, new_value=\"13435418226520768\", source=unknown"}
{"logTime": "0925/123706", "level": "INFO", "message": "Preference changed: name=optimization_guide.previously_registered_optimization_types, new_value=[object], source=unknown"}
{"logTime": "0925/123706", "level": "INFO", "message": "Preference changed: name=profile.content_settings.exceptions.storage_access_header_origin_trial, new_value=[object], source=unknown"}
{"logTime": "0925/123706", "level": "INFO", "message": "Preference changed: name=edge_wallet.trigger_funnel.records, new_value=[object], source=unknown"}
{"logTime": "0925/123706", "level": "INFO", "message": "Preference changed: name=shopping.dma_telemetry_expiration_time, new_value=\"13434899826557583\", source=unknown"}
{"logTime": "0925/123706", "level": "INFO", "message": "Preference changed: name=shopping.contextual_features_enabled, new_value=true, source=unknown"}
{"logTime": "0925/123706", "level": "INFO", "message": "Preference changed: name=autocomplete.retention_policy_last_version, new_value=154, source=unknown"}
{"logTime": "0925/123706", "level": "INFO", "message": "Preference changed: name=shopping.rdx_mode_enabled, new_value=false, source=unknown"}
{"logTime": "0925/123706", "level": "INFO", "message": "Preference changed: name=shopping.rdx_mode_cached, new_value=true, source=unknown"}
{"logTime": "0925/123706", "level": "INFO", "message": "Preference changed: name=muid.values_seen, new_value=[object], source=unknown"}
{"logTime": "0925/123706", "level": "INFO", "message": "Preference changed: name=browser.underside_chat_bing_signed_in_status, new_value=false, source=unknown"}
{"logTime": "0925/123706", "level": "INFO", "message": "Preference changed: name=extensions.settings, new_value=[object], source=unknown"}
{"logTime": "0925/123706", "level": "INFO", "message": "Preference changed: name=extensions.settings, new_value=[object], source=unknown"}
{"logTime": "0925/123706", "level": "INFO", "message": "Preference changed: name=extensions.settings, new_value=[object], source=unknown"}
{"logTime": "0925/123706", "level": "INFO", "message": "Preference changed: name=profile.exit_type, new_value=\"Crashed\", source=unknown"}
{"logTime": "0925/123706", "level": "INFO", "message": "Preference changed: name=fsd.retention_policy_last_version, new_value=154, source=unknown"}
{"logTime": "0925/123707", "level": "INFO", "message": "Preference changed: name=extensions.settings, new_value=[object], source=unknown"}
{"logTime": "0925/123707", "level": "INFO", "message": "Preference changed: name=extensions.settings, new_value=[object], source=unknown"}
{"logTime": "0925/123707", "level": "INFO", "message": "Preference changed: name=extensions.settings, new_value=[object], source=unknown"}
{"logTime": "0925/123707", "level": "INFO", "message": "Preference changed: name=extensions.settings, new_value=[object], source=unknown"}
{"logTime": "0925/123707", "level": "INFO", "message": "Preference changed: name=extensions.settings, new_value=[object], source=unknown"}
{"logTime": "0925/123707", "level": "INFO", "message": "Preference changed: name=extensions.settings, new_value=[object], source=unknown"}
{"logTime": "0925/123707", "level": "INFO", "message": "Preference changed: name=extensions.settings, new_value=[object], source=unknown"}
{"logTime": "0925/123707", "level": "INFO", "message": "Preference changed: name=extensions.settings, new_value=[object], source=unknown"}
{"logTime": "0925/123707", "level": "INFO", "message": "Preference changed: name=extensions.settings, new_value=[object], source=unknown"}
{"logTime": "0925/123707", "level": "INFO", "message": "Preference changed: name=extensions.settings, new_value=[object], source=unknown"}
{"logTime": "0925/123707", "level": "INFO", "message": "Preference changed: name=extensions.settings, new_value=[object], source=unknown"}
{"logTime": "0925/123707", "level": "INFO", "message": "Preference changed: name=extensions.settings, new_value=[object], source=unknown"}
{"logTime": "0925/123707", "level": "INFO", "message": "Preference changed: name=extensions.settings, new_value=[object], source=unknown"}
{"logTime": "0925/123707", "level": "INFO", "message": "Preference changed: name=profile.content_settings.exceptions.site_engagement, new_value=[object], source=unknown"}
{"logTime": "0925/123707", "level": "INFO", "message": "Preference changed: name=profile.last_engagement_time, new_value=\"13434813427719250\", source=unknown"}
{"logTime": "0925/123708", "level": "INFO", "message": "Preference changed: name=personalization_data_consent.personalization_in_context_count, new_value=0, source=unknown"}
{"logTime": "0925/123708", "level": "INFO", "message": "Preference changed: name=personalization_data_consent.personalization_in_context_consent_can_prompt, new_value=true, source=unknown"}
{"logTime": "0925/123708", "level": "INFO", "message": "Preference changed: name=edge.workspaces.migration.last_state, new_value=2, source=unknown"}
{"logTime": "0925/123708", "level": "INFO", "message": "Preference changed: name=edge.workspaces.migration.stampede_time, new_value=\"13434817028548483\", source=unknown"}
{"logTime": "0925/123708", "level": "INFO", "message": "Preference changed: name=arbitration_last_notification_shown, new_value=\"13434813428583339\", source=unknown"}
{"logTime": "0925/123708", "level": "INFO", "message": "Preference changed: name=edge_pinning_campaign.precomputed_campaign_data, new_value=[object], source=unknown"}
{"logTime": "0925/123709", "level": "INFO", "message": "Preference changed: name=web_apps.last_preinstall_synchronize_version, new_value=\"154\", source=unknown"}
{"logTime": "0925/123709", "level": "INFO", "message": "Preference changed: name=web_apps.did_migrate_default_chrome_apps, new_value=[object], source=unknown"}
{"logTime": "0925/123709", "level": "INFO", "message": "Preference changed: name=web_apps.did_migrate_default_chrome_apps, new_value=[object], source=unknown"}
{"logTime": "0925/123709", "level": "INFO", "message": "Preference changed: name=translate_ignored_count_for_language, new_value=[object], source=unknown"}
{"logTime": "0925/123709", "level": "INFO", "message": "Preference changed: name=aadc_info.age_group, new_value=0, source=unknown"}
{"logTime": "0925/123709", "level": "INFO", "message": "Preference changed: name=extensions.settings, new_value=[object], source=unknown"}
{"logTime": "0925/123709", "level": "INFO", "message": "Preference changed: name=edge_triggering.config_version, new_value=\"1.42.2\", source=unknown"}
{"logTime": "0925/123709", "level": "INFO", "message": "Preference changed: name=import_items_failure_state.reimport.ie_react, new_value=62436, source=unknown"}
{"logTime": "0925/123709", "level": "INFO", "message": "Preference changed: name=optimization_guide.hintsfetcher.hosts_successfully_fetched, new_value=[object], source=unknown"}
{"logTime": "0925/123709", "level": "INFO", "message": "Preference changed: name=pinned_sites.pin_metadata, new_value=[object], source=unknown"}
{"logTime": "0925/123710", "level": "INFO", "message": "Preference changed: name=arbitration_last_notification_shown, new_value=\"13434813430153937\", source=unknown"}
{"logTime": "0925/123710", "level": "INFO", "message": "Preference changed: name=profile.is_relative_to_aad, new_value=true, source=unknown"}
{"logTime": "0925/123710", "level": "INFO", "message": "Preference changed: name=extensions.settings, new_value=[object], source=unknown"}
{"logTime": "0925/123710", "level": "INFO", "message": "Preference changed: name=extensions.settings, new_value=[object], source=unknown"}
{"logTime": "0925/123710", "level": "INFO", "message": "Preference changed: name=extensions.settings, new_value=[object], source=unknown"}
{"logTime": "0925/123710", "level": "INFO", "message": "Preference changed: name=extensions.settings, new_value=[object], source=unknown"}
{"logTime": "0925/123710", "level": "INFO", "message": "Preference changed: name=extensions.settings, new_value=[object], source=unknown"}
{"logTime": "0925/123710", "level": "INFO", "message": "Preference changed: name=extensions.settings, new_value=[object], source=unknown"}
{"logTime": "0925/123710", "level": "INFO", "message": "Preference changed: name=extensions.settings, new_value=[object], source=unknown"}
{"logTime": "0925/123710", "level": "INFO", "message": "Preference changed: name=extensions.settings, new_value=[object], source=unknown"}
{"logTime": "0925/123710", "level": "INFO", "message": "Preference changed: name=extensions.settings, new_value=[object], source=unknown"}
{"logTime": "0925/123710", "level": "INFO", "message": "Preference changed: name=extensions.settings, new_value=[object], source=unknown"}
{"logTime": "0925/123710", "level": "INFO", "message": "Preference changed: name=extensions.settings, new_value=[object], source=unknown"}
{"logTime": "0925/123710", "level": "INFO", "message": "Preference changed: name=extensions.settings, new_value=[object], source=unknown"}
{"logTime": "0925/123710", "level": "INFO", "message": "Preference changed: name=extensions.settings, new_value=[object], source=unknown"}
{"logTime": "0925/123711", "level": "INFO", "message": "Preference changed: name=extensions.install_signature, new_value=[object], source=unknown"}
{"logTime": "0925/123712", "level": "INFO", "message": "Preference changed: name=extensions.settings, new_value=[object], source=unknown"}
{"logTime": "0925/123712", "level": "INFO", "message": "Preference changed: name=extensions.settings, new_value=[object], source=unknown"}
{"logTime": "0925/123712", "level": "INFO", "message": "Preference changed: name=extensions.settings, new_value=[object], source=unknown"}
{"logTime": "0925/123712", "level": "INFO", "message": "Preference changed: name=extensions.settings, new_value=[object], source=unknown"}
{"logTime": "0925/123712", "level": "INFO", "message": "Preference changed: name=extensions.settings, new_value=[object], source=unknown"}
{"logTime": "0925/123712", "level": "INFO", "message": "Preference changed: name=extensions.settings, new_value=[object], source=unknown"}
{"logTime": "0925/123712", "level": "INFO", "message": "Preference changed: name=extensions.settings, new_value=[object], source=unknown"}
{"logTime": "0925/123712", "level": "INFO", "message": "Preference changed: name=extensions.settings, new_value=[object], source=unknown"}
{"logTime": "0925/123712", "level": "INFO", "message": "Preference changed: name=extensions.settings, new_value=[object], source=unknown"}
{"logTime": "0925/123712", "level": "INFO", "message": "Preference changed: name=extensions.settings, new_value=[object], source=unknown"}
{"logTime": "0925/123712", "level": "INFO", "message": "Preference changed: name=extensions.settings, new_value=[object], source=unknown"}
{"logTime": "0925/123712", "level": "INFO", "message": "Preference changed: name=extensions.settings, new_value=[object], source=unknown"}
{"logTime": "0925/123712", "level": "INFO", "message": "Preference changed: name=extensions.settings, new_value=[object], source=unknown"}
{"logTime": "0925/123712", "level": "INFO", "message": "Preference changed: name=extensions.settings, new_value=[object], source=unknown"}
{"logTime": "0925/123712", "level": "INFO", "message": "Preference changed: name=extensions.settings, new_value=[object], source=unknown"}
{"logTime": "0925/123712", "level": "INFO", "message": "Preference changed: name=extensions.settings, new_value=[object], source=unknown"}
{"logTime": "0925/123712", "level": "INFO", "message": "Preference changed: name=extensions.settings, new_value=[object], source=unknown"}
{"logTime": "0925/123712", "level": "INFO", "message": "Preference changed: name=extensions.settings, new_value=[object], source=unknown"}
{"logTime": "0925/123712", "level": "INFO", "message": "Preference changed: name=extensions.microsoft_install_signature, new_value=[object], source=unknown"}
{"logTime": "0925/123713", "level": "INFO", "message": "Preference changed: name=translate_ignored_count_for_language, new_value=[object], source=unknown"}
{"logTime": "0925/123713", "level": "INFO", "message": "Preference changed: name=language_dwell_time_average, new_value=[object], source=unknown"}
{"logTime": "0925/123713", "level": "INFO", "message": "Preference changed: name=language_usage_count, new_value=[object], source=unknown"}
{"logTime": "0925/123713", "level": "INFO", "message": "Preference changed: name=arbitration_last_notification_shown, new_value=\"13434813433171347\", source=unknown"}
{"logTime": "0925/123714", "level": "INFO", "message": "Preference changed: name=profiles.last_swag_account_type, new_value=1, source=unknown"}
{"logTime": "0925/123714", "level": "INFO", "message": "Preference changed: name=account_info, new_value=[object], source=unknown"}
{"logTime": "0925/123714", "level": "INFO", "message": "Preference changed: name=edge.account_type, new_value=1, source=unknown"}
{"logTime": "0925/123714", "level": "INFO", "message": "Preference changed: name=edge.services.account_id, new_value=\"5230913940b39fa9\", source=unknown"}
{"logTime": "0925/123714", "level": "INFO", "message": "Preference changed: name=google.services.consented_to_sync, new_value=true, source=unknown"}
{"logTime": "0925/123714", "level": "INFO", "message": "Preference changed: name=google.services.last_signed_in_username, new_value=\"darmaalgani@gmail.com\", source=unknown"}
{"logTime": "0925/123714", "level": "INFO", "message": "Preference changed: name=edge.services.last_gaia_id, new_value=\"5230913940b39fa9\", source=unknown"}
{"logTime": "0925/123714", "level": "INFO", "message": "Preference changed: name=edge.services.last_username, new_value=\"darmaalgani@gmail.com\", source=unknown"}
{"logTime": "0925/123714", "level": "INFO", "message": "Preference changed: name=edge.profile_matches_os_primary_account, new_value=false, source=unknown"}
{"logTime": "0925/123714", "level": "INFO", "message": "Preference changed: name=signin.signin_with_explicit_browser_signin_on, new_value=true, source=unknown"}
{"logTime": "0925/123714", "level": "INFO", "message": "Preference changed: name=signin.accounts_metadata_dict, new_value=[object], source=unknown"}
{"logTime": "0925/123714", "level": "INFO", "message": "Preference changed: name=safebrowsing.advanced_protection_last_refresh, new_value=\"13434813434934126\", source=unknown"}
{"logTime": "0925/123714", "level": "INFO", "message": "Preference changed: name=edge.merge_chats_status.status, new_value=0, source=unknown"}
{"logTime": "0925/123714", "level": "INFO", "message": "Preference changed: name=edge.merge_chats_status.primary_account_id, new_value=\"5230913940b39fa9\", source=unknown"}
{"logTime": "0925/123714", "level": "INFO", "message": "Preference changed: name=google.services.signin.LAST_SIGNIN_ACCESS_POINT.value, new_value=\"17\", source=unknown"}
{"logTime": "0925/123714", "level": "INFO", "message": "Preference changed: name=google.services.signin.LAST_SIGNIN_ACCESS_POINT.time, new_value=\"2026-09-25T12:37:14.935Z\", source=unknown"}
{"logTime": "0925/123714", "level": "INFO", "message": "Preference changed: name=sync.edge_account_type, new_value=1, source=unknown"}
{"logTime": "0925/123714", "level": "INFO", "message": "Preference changed: name=sync.transport_data_per_account, new_value=[object], source=unknown"}
{"logTime": "0925/123714", "level": "INFO", "message": "Preference changed: name=sync.transport_data_per_account, new_value=[object], source=unknown"}
{"logTime": "0925/123714", "level": "INFO", "message": "Preference changed: name=sync.gaia_id, new_value=\"5230913940b39fa9\", source=unknown"}
{"logTime": "0925/123714", "level": "INFO", "message": "Preference changed: name=edge.msa_sso_info.allow_for_non_msa_profile, new_value=false, source=unknown"}
{"logTime": "0925/123714", "level": "INFO", "message": "Preference changed: name=edge.profile_sso_info.msa_sso_algo_state, new_value=2, source=unknown"}
{"logTime": "0925/123714", "level": "INFO", "message": "Preference changed: name=edge.profile_sso_info.msa_sso_state_reached_by, new_value=3, source=unknown"}
{"logTime": "0925/123714", "level": "INFO", "message": "Preference changed: name=edge.workspaces.state, new_value=\"{\\\"edgeWorkspacePrefsVersion\\\":2,\\\"enableFluid\\\":true,\\\"failedRestartSpaceId\\\":\\\"\\\",\\\"failedToConnectToFluid\\\":false,\\\"fluidMigrationStatus\\\":false,\\\"fluidStatus\\\":0,\\\"fre_shown\\\":false,\\\"fromCache\\\":false,\\\"isFluidPreferencesConnected\\\":false,\\\"isSpaceOpening\\\":false,\\\"openingSpaceId\\\":\\\"\\\",\\\"statusForScreenReaders\\\":\\\"\\\",\\\"workspacePopupMode\\\":9,\\\"workspacesForExternalLinks\\\":[]}\", source=unknown"}
{"logTime": "0925/123714", "level": "INFO", "message": "Preference changed: name=visual_search.dma_state, new_value=1, source=unknown"}
{"logTime": "0925/123715", "level": "INFO", "message": "Preference changed: name=nurturing.time_of_last_sync_consent_view, new_value=\"13434813435011224\", source=unknown"}
{"logTime": "0925/123715", "level": "INFO", "message": "PrefStore write completed: store=4, success=true"}
{"logTime": "0925/123715", "level": "INFO", "message": "PrefStore write completed: store=4, success=true"}
{"logTime": "0925/123715", "level": "INFO", "message": "PrefStore write completed: store=4, success=true"}
{"logTime": "0925/123715", "level": "INFO", "message": "PrefStore write completed: store=4, success=true"}
{"logTime": "0925/123715", "level": "INFO", "message": "Preference changed: name=sync.has_been_enabled, new_value=true, source=unknown"}
{"logTime": "0925/123715", "level": "INFO", "message": "Preference changed: name=sync_consent_recorded, new_value=true, source=unknown"}
{"logTime": "0925/123715", "level": "INFO", "message": "Preference changed: name=sync.has_setup_completed, new_value=true, source=unknown"}
{"logTime": "0925/123715", "level": "INFO", "message": "Preference changed: name=sync.keep_everything_synced, new_value=true, source=unknown"}
{"logTime": "0925/123715", "level": "INFO", "message": "Preference changed: name=browser.edge_sidebar_visibility, new_value=[object], source=unknown"}
{"logTime": "0925/123715", "level": "INFO", "message": "Preference changed: name=browser.edge_sidebar_visibility, new_value=[object], source=unknown"}
{"logTime": "0925/123716", "level": "INFO", "message": "Preference changed: name=edge.bookmarks.last_dup_info_record_time, new_value=\"13434813436150087\", source=unknown"}
{"logTime": "0925/123716", "level": "INFO", "message": "Preference changed: name=translate_ignored_count_for_language, new_value=[object], source=unknown"}
{"logTime": "0925/123716", "level": "INFO", "message": "Preference changed: name=collections.prism_collections.policy.cached, new_value=2, source=unknown"}
{"logTime": "0925/123716", "level": "INFO", "message": "Preference changed: name=collections.prism_collections.enabled, new_value=0, source=unknown"}
{"logTime": "0925/123716", "level": "INFO", "message": "Preference changed: name=safebrowsing.advanced_protection_last_refresh, new_value=\"13434813436920054\", source=unknown"}
{"logTime": "0925/123716", "level": "INFO", "message": "Preference changed: name=account_info, new_value=[object], source=unknown"}
{"logTime": "0925/123716", "level": "INFO", "message": "Preference changed: name=language_dwell_time_average, new_value=[object], source=unknown"}
{"logTime": "0925/123716", "level": "INFO", "message": "Preference changed: name=language_usage_count, new_value=[object], source=unknown"}
{"logTime": "0925/123716", "level": "INFO", "message": "Preference changed: name=arbitration_last_notification_shown, new_value=\"13434813436947081\", source=unknown"}
{"logTime": "0925/123717", "level": "INFO", "message": "Preference changed: name=edge_rewards.hva_promotions, new_value=[object], source=unknown"}
{"logTime": "0925/123717", "level": "INFO", "message": "Preference changed: name=edge_rewards.promotions, new_value=[object], source=unknown"}
{"logTime": "0925/123717", "level": "INFO", "message": "Preference changed: name=edge_rewards.hva_promotions, new_value=[object], source=unknown"}
{"logTime": "0925/123717", "level": "INFO", "message": "Preference changed: name=edge_rewards.user_is_conscious, new_value=true, source=unknown"}
{"logTime": "0925/123717", "level": "INFO", "message": "Preference changed: name=edge_rewards.cache_data, new_value=\"CAEQ+ilKAmlk\", source=unknown"}
{"logTime": "0925/123717", "level": "INFO", "message": "Preference changed: name=edge_rewards.referral_hash, new_value=\"smHAzpOjaoQ\", source=unknown"}
{"logTime": "0925/123717", "level": "INFO", "message": "Preference changed: name=muid.values_seen, new_value=[object], source=unknown"}
{"logTime": "0925/123717", "level": "INFO", "message": "Preference changed: name=sync.cached_persistent_auth_error, new_value=false, source=unknown"}
{"logTime": "0925/123718", "level": "INFO", "message": "Preference changed: name=edge_copilot.msa_eligibility_info, new_value=[object], source=unknown"}
{"logTime": "0925/123718", "level": "INFO", "message": "Preference changed: name=edge_cloud_messaging.cached_target_token.target_token, new_value=\"JCh8w8cgF/XlJTy28JYXiQ==$7Exg1LBUxHyJKqBmwOgE8cIPw7zWFFsXasN/cLcDnBfMR+PmTT4rBJAGfQSxzNrSndk1cfKiRxKtZMTH44n+fKXGUfcXVexoh7jldLIRGncM2SE8nTIM4PI5URbAddxICVv0nAhifUDNzDVvkWTK9jb/hGToE2Ok6HG1BM+rCM4=\", source=unknown"}
{"logTime": "0925/123718", "level": "INFO", "message": "Preference changed: name=edge_cloud_messaging.cached_target_token.cv, new_value=\"1155845484284222977\", source=unknown"}
{"logTime": "0925/123718", "level": "INFO", "message": "Preference changed: name=edge_cloud_messaging.cached_target_token.time, new_value=\"13434813438809749\", source=unknown"}
{"logTime": "0925/123719", "level": "INFO", "message": "Preference changed: name=translate_ignored_count_for_language, new_value=[object], source=unknown"}
{"logTime": "0925/123719", "level": "INFO", "message": "Preference changed: name=arbitration_last_notification_shown, new_value=\"13434813439296791\", source=unknown"}
{"logTime": "0925/123720", "level": "INFO", "message": "Preference changed: name=sync.cached_passphrase_type, new_value=2, source=unknown"}
{"logTime": "0925/123720", "level": "INFO", "message": "Preference changed: name=sync.transport_data_per_account, new_value=[object], source=unknown"}
{"logTime": "0925/123720", "level": "INFO", "message": "Preference changed: name=sync.transport_data_per_account, new_value=[object], source=unknown"}
{"logTime": "0925/123720", "level": "INFO", "message": "Preference changed: name=sync.transport_data_per_account, new_value=[object], source=unknown"}
{"logTime": "0925/123720", "level": "INFO", "message": "Preference changed: name=sync.cached_trusted_vault_auto_upgrade_experiment_group, new_value=\"\", source=unknown"}
{"logTime": "0925/123720", "level": "INFO", "message": "Preference changed: name=sync.local_device_guids_with_timestamp, new_value=[object], source=unknown"}
{"logTime": "0925/123720", "level": "INFO", "message": "Preference changed: name=sync.local_device_guids_with_timestamp, new_value=[object], source=unknown"}
{"logTime": "0925/123720", "level": "INFO", "message": "Preference changed: name=sync.keystore_encryption_key_state, new_value=\"eyJkb3dubG9hZF9rZXlfcmVzdWx0Ijp0cnVlLCJleHBpcmF0aW9uX3RpbWUiOjE3OTA0MjYyNDAuODAyNjk1LCJodHRwX3Jlc3BvbnNlX2NvZGUiOjIwMCwia2V5X2NvdW50IjoxMCwia2V5X3ZhbGlkYXRpb25fdGltZSI6MC4wLCJuZXRfZXJyb3JfY29kZSI6MSwicHJvY2Vzc19rZXlfcmVzdWx0IjowLCJzZXRfa2V5X3Jlc3VsdCI6dHJ1ZX0=\", source=unknown"}
{"logTime": "0925/123720", "level": "INFO", "message": "Preference changed: name=toolbar_declutter.undo.last_time, new_value=\"13434813440988472\", source=unknown"}
{"logTime": "0925/123720", "level": "INFO", "message": "Preference changed: name=toolbar_declutter.new_user_cleanup_triggered, new_value=true, source=unknown"}
{"logTime": "0925/123721", "level": "INFO", "message": "Preference changed: name=translate_ignored_count_for_language, new_value=[object], source=unknown"}
{"logTime": "0925/123721", "level": "INFO", "message": "Preference changed: name=arbitration_last_notification_shown, new_value=\"13434813441797011\", source=unknown"}
{"logTime": "0925/123721", "level": "INFO", "message": "Preference changed: name=extensions.settings, new_value=[object], source=unknown"}
{"logTime": "0925/123722", "level": "INFO", "message": "Preference changed: name=sync.transport_data_per_account, new_value=[object], source=unknown"}
{"logTime": "0925/123722", "level": "INFO", "message": "Preference changed: name=sync.transport_data_per_account, new_value=[object], source=unknown"}
{"logTime": "0925/123722", "level": "INFO", "message": "Preference changed: name=sync.transport_data_per_account, new_value=[object], source=unknown"}
{"logTime": "0925/123722", "level": "INFO", "message": "Preference changed: name=sync.keystore_encryption_key_state, new_value=\"eyJkb3dubG9hZF9rZXlfcmVzdWx0Ijp0cnVlLCJleHBpcmF0aW9uX3RpbWUiOjE3OTA0MjYyNDAuODAyNjk1LCJodHRwX3Jlc3BvbnNlX2NvZGUiOjIwMCwia2V5X2NvdW50IjoxMCwia2V5X3ZhbGlkYXRpb25fdGltZSI6MTc5MDMzOTg0Mi4wMzkwNDUsIm5ldF9lcnJvcl9jb2RlIjoxLCJwcm9jZXNzX2tleV9yZXN1bHQiOjAsInNldF9rZXlfcmVzdWx0Ijp0cnVlfQ==\", source=unknown"}
{"logTime": "0925/123724", "level": "INFO", "message": "Preference changed: name=translate_ignored_count_for_language, new_value=[object], source=unknown"}
{"logTime": "0925/123724", "level": "INFO", "message": "Preference changed: name=arbitration_last_notification_shown, new_value=\"13434813444237911\", source=unknown"}
{"logTime": "0925/123725", "level": "INFO", "message": "PrefStore write completed: store=4, success=true"}
{"logTime": "0925/123726", "level": "INFO", "message": "Preference changed: name=translate_ignored_count_for_language, new_value=[object], source=unknown"}
{"logTime": "0925/123726", "level": "INFO", "message": "Preference changed: name=arbitration_last_notification_shown, new_value=\"13434813446419181\", source=unknown"}
{"logTime": "0925/123728", "level": "INFO", "message": "Preference changed: name=translate_ignored_count_for_language, new_value=[object], source=unknown"}
{"logTime": "0925/123728", "level": "INFO", "message": "Preference changed: name=arbitration_last_notification_shown, new_value=\"13434813448546302\", source=unknown"}
{"logTime": "0925/123730", "level": "INFO", "message": "Preference changed: name=https_upgrade_navigations, new_value=[object], source=unknown"}
{"logTime": "0925/123730", "level": "INFO", "message": "Preference changed: name=translate_ignored_count_for_language, new_value=[object], source=unknown"}
{"logTime": "0925/123730", "level": "INFO", "message": "Preference changed: name=arbitration_last_notification_shown, new_value=\"13434813450519603\", source=unknown"}
{"logTime": "0925/123731", "level": "INFO", "message": "PrefStore write completed: store=4, success=true"}
{"logTime": "0925/123732", "level": "INFO", "message": "Preference changed: name=translate_ignored_count_for_language, new_value=[object], source=unknown"}
{"logTime": "0925/123734", "level": "INFO", "message": "Preference changed: name=arbitration_last_notification_shown, new_value=\"13434813454795939\", source=unknown"}
{"logTime": "0925/123735", "level": "INFO", "message": "Preference changed: name=edge_wallet.passwords.password_lost_report_date, new_value=\"13434813455641304\", source=unknown"}
{"logTime": "0925/123735", "level": "INFO", "message": "Preference changed: name=profile.last_time_password_store_metrics_reported, new_value=1790339855.641681, source=unknown"}
{"logTime": "0925/123735", "level": "INFO", "message": "Preference changed: name=total_passwords_available_for_account, new_value=0, source=unknown"}
{"logTime": "0925/123735", "level": "INFO", "message": "Preference changed: name=total_passwords_available_for_profile, new_value=10, source=unknown"}
{"logTime": "0925/123736", "level": "INFO", "message": "Preference changed: name=sync.device_statistics_timestamp, new_value=\"13434813456044273\", source=unknown"}
{"logTime": "0925/123736", "level": "INFO", "message": "PrefStore write completed: store=4, success=true"}
{"logTime": "0925/123736", "level": "INFO", "message": "Preference changed: name=translate_ignored_count_for_language, new_value=[object], source=unknown"}
{"logTime": "0925/123738", "level": "INFO", "message": "Preference changed: name=arbitration_last_notification_shown, new_value=\"13434813458596107\", source=unknown"}
{"logTime": "0925/123741", "level": "INFO", "message": "Preference changed: name=translate_ignored_count_for_language, new_value=[object], source=unknown"}
{"logTime": "0925/123741", "level": "INFO", "message": "Preference changed: name=arbitration_last_notification_shown, new_value=\"13434813461163062\", source=unknown"}
{"logTime": "0925/123741", "level": "INFO", "message": "Preference changed: name=browser.show_edge_split_window_toolbar_button, new_value=false, source=sync"}
{"logTime": "0925/123741", "level": "INFO", "message": "Preference changed: name=homepage, new_value=\"http://www.google.com/\", source=sync"}
{"logTime": "0925/123741", "level": "INFO", "message": "Preference changed: name=dual_engine.user_list_data_1, new_value=[object], source=sync"}
{"logTime": "0925/123741", "level": "INFO", "message": "Preference changed: name=browser.show_hub_app_in_sidebar_buttons, new_value=[object], source=sync"}
{"logTime": "0925/123741", "level": "INFO", "message": "Preference changed: name=browser.edge_sidebar_visibility_debug, new_value=[object], source=sync"}
{"logTime": "0925/123741", "level": "INFO", "message": "Preference changed: name=edge.workspaces.migration.complete, new_value=true, source=sync"}
{"logTime": "0925/123741", "level": "INFO", "message": "Preference changed: name=browser.show_toolbar_spacework_button, new_value=false, source=sync"}
{"logTime": "0925/123741", "level": "INFO", "message": "Preference changed: name=edge.workspaces.storage.state, new_value=\"{\\\"app_folder_path\\\":\\\"\\\",\\\"container_id\\\":\\\"\\\",\\\"drive_id\\\":\\\"\\\",\\\"prefs_item_id\\\":\\\"\\\",\\\"storage_endpoint\\\":\\\"\\\",\\\"version\\\":3}\", source=sync"}
{"logTime": "0925/123741", "level": "INFO", "message": "Preference changed: name=edge.workspaces.state, new_value=\"\", source=sync"}
{"logTime": "0925/123741", "level": "INFO", "message": "Preference changed: name=edge.workspaces.storage.state, new_value=\"\", source=sync"}
{"logTime": "0925/123741", "level": "INFO", "message": "Preference changed: name=browser.hub_app_usage_preferences, new_value=[object], source=sync"}
{"logTime": "0925/123741", "level": "INFO", "message": "Preference changed: name=surf_game.buoy_highscore, new_value=-1, source=sync"}
{"logTime": "0925/123741", "level": "INFO", "message": "Preference changed: name=browser.edge_sidebar_visibility, new_value=[object], source=sync"}
{"logTime": "0925/123741", "level": "INFO", "message": "Preference changed: name=browser.edge_sidebar_visibility_debug, new_value=[object], source=sync"}
{"logTime": "0925/123741", "level": "INFO", "message": "Preference changed: name=browser.hub_app_preferences, new_value=[object], source=sync"}
{"logTime": "0925/123741", "level": "INFO", "message": "Preference changed: name=profiles.edge.enhanced_link_opening.opt_out_shown, new_value=true, source=sync"}
{"logTime": "0925/123741", "level": "INFO", "message": "Preference changed: name=tab_groups_migration_version, new_value=3, source=sync"}
{"logTime": "0925/123741", "level": "INFO", "message": "Preference changed: name=browser.bookmarks_last_used_time, new_value=\"13362985764013450\", source=sync"}
{"logTime": "0925/123741", "level": "INFO", "message": "Preference changed: name=profile.content_settings.exceptions.automatic_downloads, new_value=[object], source=sync"}
{"logTime": "0925/123741", "level": "INFO", "message": "Preference changed: name=profile.network_pbs, new_value=[object], source=sync"}
{"logTime": "0925/123741", "level": "INFO", "message": "Preference changed: name=profile.network_pbs, new_value=[object], source=sync"}
{"logTime": "0925/123741", "level": "INFO", "message": "Preference changed: name=user_experience_metrics.personalization_data_consent_enabled, new_value=true, source=sync"}
{"logTime": "0925/123741", "level": "INFO", "message": "Preference changed: name=user_experience_metrics.personalization_data_consent_enabled_last_known_value, new_value=true, source=sync"}
{"logTime": "0925/123741", "level": "INFO", "message": "Preference changed: name=shopping.pcb_supported, new_value=true, source=sync"}
{"logTime": "0925/123741", "level": "INFO", "message": "Preference changed: name=personalization_data_consent.personalization_in_context_consent_can_prompt, new_value=false, source=sync"}
{"logTime": "0925/123741", "level": "INFO", "message": "Preference changed: name=personalization_data_consent.personalization_in_context_has_prompted, new_value=false, source=sync"}
{"logTime": "0925/123741", "level": "INFO", "message": "Preference changed: name=profile.edge_user_with_non_zero_passwords, new_value=true, source=sync"}
{"logTime": "0925/123741", "level": "INFO", "message": "Preference changed: name=read_aloud.toolbar_button_animation_shown_count, new_value=1, source=sync"}
{"logTime": "0925/123741", "level": "INFO", "message": "Preference changed: name=profile.last_time_auto_save_consent_shown, new_value=\"13338026461172754\", source=sync"}
{"logTime": "0925/123741", "level": "INFO", "message": "Preference changed: name=sync_profile_info.edge_san_consent_last_shown_date, new_value=\"13403516419891374\", source=sync"}
{"logTime": "0925/123741", "level": "INFO", "message": "Preference changed: name=sync_profile_info.edge_san_is_option_explicitly_selectedby_user, new_value=false, source=sync"}
{"logTime": "0925/123741", "level": "INFO", "message": "Preference changed: name=spellcheck.dictionaries, new_value=[object], source=sync"}
{"logTime": "0925/123741", "level": "INFO", "message": "Preference changed: name=browser.editor_proofing_languages, new_value=[object], source=sync"}
{"logTime": "0925/123741", "level": "INFO", "message": "Preference changed: name=read_aloud.last_used_time, new_value=\"13373864705484056\", source=sync"}
{"logTime": "0925/123741", "level": "INFO", "message": "Preference changed: name=surf_game.classic_highscore, new_value=2533, source=sync"}
{"logTime": "0925/123741", "level": "INFO", "message": "Preference changed: name=intl.selected_languages, new_value=\"en-US,en\", source=sync"}
{"logTime": "0925/123741", "level": "INFO", "message": "Preference changed: name=intl.accept_languages, new_value=\"en-US,en\", source=sync"}
{"logTime": "0925/123741", "level": "INFO", "message": "Preference changed: name=browser.editor_proofing_languages, new_value=[object], source=sync"}
{"logTime": "0925/123741", "level": "INFO", "message": "Preference changed: name=profile.last_time_password_monitor_consent_shown, new_value=\"13345527342186331\", source=sync"}
{"logTime": "0925/123741", "level": "INFO", "message": "Preference changed: name=ntp_partner_code, new_value=\"W226\", source=sync"}
{"logTime": "0925/123741", "level": "INFO", "message": "Preference changed: name=ntp.layout_mode, new_value=2, source=sync"}
{"logTime": "0925/123741", "level": "INFO", "message": "Preference changed: name=homepage_is_newtabpage, new_value=false, source=sync"}
{"logTime": "0925/123741", "level": "INFO", "message": "Preference changed: name=browser.enable_text_prediction_v2, new_value=true, source=sync"}
{"logTime": "0925/123741", "level": "INFO", "message": "Preference changed: name=browser_essentials.last_used_time, new_value=\"13367423223147853\", source=sync"}
{"logTime": "0925/123741", "level": "INFO", "message": "Preference changed: name=personalization_data_consent.when_set, new_value=\"13327552074897967\", source=sync"}
{"logTime": "0925/123741", "level": "INFO", "message": "Preference changed: name=read_aloud.toolbar_button_animation_last_shown_time, new_value=\"13344706014152959\", source=sync"}
{"logTime": "0925/123741", "level": "INFO", "message": "Preference changed: name=profile.content_settings.exceptions.popups, new_value=[object], source=sync"}
{"logTime": "0925/123741", "level": "INFO", "message": "Preference changed: name=profile.number_password_monitor_consent_shown, new_value=4, source=sync"}
{"logTime": "0925/123741", "level": "INFO", "message": "Preference changed: name=session.restore_on_startup, new_value=5, source=sync"}
{"logTime": "0925/123741", "level": "INFO", "message": "Preference changed: name=profile.edge_passwords_more_menu_label_shown, new_value=true, source=sync"}
{"logTime": "0925/123741", "level": "INFO", "message": "Preference changed: name=browser.editor_proofing_languages, new_value=[object], source=sync"}
{"logTime": "0925/123741", "level": "INFO", "message": "Preference changed: name=read_aloud.speech_preferences, new_value=\"{\\\"languageSettings\\\":[{\\\"language\\\":\\\"en\\\",\\\"voiceURI\\\":\\\"Microsoft Aria Online (Natural) - English (United States)\\\",\\\"rate\\\":1,\\\"version\\\":1}]}\", source=sync"}
{"logTime": "0925/123741", "level": "INFO", "message": "Preference changed: name=edge.spaceworks.should_show_post_migration_message, new_value=true, source=sync"}
{"logTime": "0925/123741", "level": "INFO", "message": "Preference changed: name=extensions.ui.allow_chrome_webstore, new_value=true, source=sync"}
{"logTime": "0925/123741", "level": "INFO", "message": "Preference changed: name=smart_explore.auto_cleanup_date, new_value=\"13391625155654321\", source=sync"}
{"logTime": "0925/123741", "level": "INFO", "message": "Preference changed: name=personalization_data_consent.how_set, new_value=2, source=sync"}
{"logTime": "0925/123741", "level": "INFO", "message": "Preference changed: name=browser.copilot_chat_last_used_timestamp, new_value=\"13400570466580268\", source=sync"}
{"logTime": "0925/123741", "level": "INFO", "message": "Preference changed: name=ntp.quick_links_options, new_value=1, source=sync"}
{"logTime": "0925/123741", "level": "INFO", "message": "Preference changed: name=third_party_search.consented, new_value=true, source=sync"}
{"logTime": "0925/123741", "level": "INFO", "message": "Preference changed: name=sync_profile_info.edge_san_consent_last_modified_date, new_value=\"13403516419891387\", source=sync"}
{"logTime": "0925/123741", "level": "INFO", "message": "Preference changed: name=browser.underside_chat_consent, new_value=1, source=sync"}
{"logTime": "0925/123741", "level": "INFO", "message": "Preference changed: name=browser.hub_app_favicon_data, new_value=[object], source=sync"}
{"logTime": "0925/123741", "level": "INFO", "message": "Preference changed: name=collections.prism_collections.migration.accepted, new_value=true, source=sync"}
{"logTime": "0925/123741", "level": "INFO", "message": "Preference changed: name=ntp.feed_engagement_time, new_value=\"11646229717514000\", source=sync"}
{"logTime": "0925/123741", "level": "INFO", "message": "Preference changed: name=browser.show_hub_apps_tower_pinned, new_value=false, source=sync"}
{"logTime": "0925/123741", "level": "INFO", "message": "Preference changed: name=continuous_migration.active_guid, new_value=\"4c12f726-28c9-45d9-a1bc-dc1961b9fa90\", source=sync"}
{"logTime": "0925/123741", "level": "INFO", "message": "Preference changed: name=browser.underside_copilot_consent, new_value=1, source=sync"}
{"logTime": "0925/123741", "level": "INFO", "message": "Preference changed: name=continuous_migration.equal_opt_out_users_data.detected, new_value=true, source=sync"}
{"logTime": "0925/123741", "level": "INFO", "message": "Preference changed: name=ntp.record_user_choices, new_value=[object], source=sync"}
{"logTime": "0925/123741", "level": "INFO", "message": "Preference changed: name=profile.number_auto_save_consent_shown, new_value=1, source=sync"}
{"logTime": "0925/123741", "level": "INFO", "message": "Preference changed: name=browser.hub_cleanup_context_v2, new_value=[object], source=sync"}
{"logTime": "0925/123741", "level": "INFO", "message": "Preference changed: name=browser.hub_cleanup_context, new_value=[object], source=sync"}
{"logTime": "0925/123741", "level": "INFO", "message": "Preference changed: name=profile.is_auto_save_experiment_user, new_value=true, source=sync"}
{"logTime": "0925/123741", "level": "INFO", "message": "Preference changed: name=reading_view.last_access_time, new_value=\"13344706014060554\", source=sync"}
{"logTime": "0925/123741", "level": "INFO", "message": "Preference changed: name=surf_game.speed_highscore, new_value=-1, source=sync"}
{"logTime": "0925/123741", "level": "INFO", "message": "Preference changed: name=dual_engine.consumer_mode.enabled_state, new_value=1, source=sync"}
{"logTime": "0925/123741", "level": "INFO", "message": "Preference changed: name=edge.spaceworks.has_ever_used_spacework, new_value=true, source=sync"}
{"logTime": "0925/123741", "level": "INFO", "message": "Preference changed: name=browser.show_toolbar_spacework_button, new_value=false, source=sync"}
{"logTime": "0925/123741", "level": "INFO", "message": "Preference changed: name=instrumentation.ntp.layout_mode, new_value=\"extensions::NtpSettingsPrivateSetPrefFunction::Run;2\", source=sync"}
{"logTime": "0925/123741", "level": "INFO", "message": "Preference changed: name=should_read_incoming_syncing_theme_prefs, new_value=false, source=unknown"}
{"logTime": "0925/123741", "level": "INFO", "message": "Preference changed: name=sync.transport_data_per_account, new_value=[object], source=unknown"}
{"logTime": "0925/123741", "level": "INFO", "message": "Preference changed: name=sync.transport_data_per_account, new_value=[object], source=unknown"}
{"logTime": "0925/123741", "level": "INFO", "message": "Preference changed: name=sync.transport_data_per_account, new_value=[object], source=unknown"}
{"logTime": "0925/123741", "level": "INFO", "message": "Preference changed: name=sync.transport_data_per_account, new_value=[object], source=unknown"}
{"logTime": "0925/123741", "level": "INFO", "message": "Preference changed: name=sync.transport_data_per_account, new_value=[object], source=unknown"}
{"logTime": "0925/123741", "level": "INFO", "message": "Preference changed: name=sync.transport_data_per_account, new_value=[object], source=unknown"}
{"logTime": "0925/123741", "level": "INFO", "message": "Preference changed: name=sync.transport_data_per_account, new_value=[object], source=unknown"}
{"logTime": "0925/123741", "level": "INFO", "message": "Preference changed: name=web_app_install_metrics, new_value=[object], source=unknown"}
{"logTime": "0925/123743", "level": "INFO", "message": "Preference changed: name=sync.transport_data_per_account, new_value=[object], source=unknown"}
{"logTime": "0925/123743", "level": "INFO", "message": "Preference changed: name=sync.transport_data_per_account, new_value=[object], source=unknown"}
{"logTime": "0925/123743", "level": "INFO", "message": "Preference changed: name=sync.transport_data_per_account, new_value=[object], source=unknown"}
{"logTime": "0925/123743", "level": "INFO", "message": "Preference changed: name=translate_ignored_count_for_language, new_value=[object], source=unknown"}
{"logTime": "0925/123743", "level": "INFO", "message": "Preference changed: name=arbitration_last_notification_shown, new_value=\"13434813463982035\", source=unknown"}
{"logTime": "0925/123744", "level": "INFO", "message": "Preference changed: name=sync.transport_data_per_account, new_value=[object], source=unknown"}
{"logTime": "0925/123744", "level": "INFO", "message": "Preference changed: name=sync.transport_data_per_account, new_value=[object], source=unknown"}
{"logTime": "0925/123744", "level": "INFO", "message": "Preference changed: name=sync.transport_data_per_account, new_value=[object], source=unknown"}
{"logTime": "0925/123745", "level": "INFO", "message": "Preference changed: name=translate_ignored_count_for_language, new_value=[object], source=unknown"}
{"logTime": "0925/123746", "level": "INFO", "message": "Preference changed: name=arbitration_last_notification_shown, new_value=\"13434813466016862\", source=unknown"}
{"logTime": "0925/123746", "level": "INFO", "message": "PrefStore write completed: store=4, success=true"}
{"logTime": "0925/123748", "level": "INFO", "message": "Preference changed: name=translate_ignored_count_for_language, new_value=[object], source=unknown"}
{"logTime": "0925/123748", "level": "INFO", "message": "Preference changed: name=arbitration_last_notification_shown, new_value=\"13434813468050894\", source=unknown"}
{"logTime": "0925/123750", "level": "INFO", "message": "Preference changed: name=translate_ignored_count_for_language, new_value=[object], source=unknown"}
{"logTime": "0925/123750", "level": "INFO", "message": "Preference changed: name=arbitration_last_notification_shown, new_value=\"13434813470102649\", source=unknown"}
{"logTime": "0925/123751", "level": "INFO", "message": "PrefStore write completed: store=4, success=true"}
{"logTime": "0925/123751", "level": "INFO", "message": "Preference changed: name=https_upgrade_navigations, new_value=[object], source=unknown"}
{"logTime": "0925/123752", "level": "INFO", "message": "Preference changed: name=translate_ignored_count_for_language, new_value=[object], source=unknown"}
{"logTime": "0925/123754", "level": "INFO", "message": "Preference changed: name=arbitration_last_notification_shown, new_value=\"13434813474189715\", source=unknown"}
{"logTime": "0925/123756", "level": "INFO", "message": "Preference changed: name=translate_ignored_count_for_language, new_value=[object], source=unknown"}
{"logTime": "0925/123758", "level": "INFO", "message": "PrefStore write completed: store=4, success=true"}
{"logTime": "0925/123758", "level": "INFO", "message": "Preference changed: name=arbitration_last_notification_shown, new_value=\"13434813478923651\", source=unknown"}
{"logTime": "0925/123800", "level": "INFO", "message": "Preference changed: name=translate_ignored_count_for_language, new_value=[object], source=unknown"}
{"logTime": "0925/123800", "level": "INFO", "message": "Preference changed: name=arbitration_last_notification_shown, new_value=\"13434813480996997\", source=unknown"}
{"logTime": "0925/123803", "level": "INFO", "message": "Preference changed: name=translate_ignored_count_for_language, new_value=[object], source=unknown"}
{"logTime": "0925/123803", "level": "INFO", "message": "Preference changed: name=arbitration_last_notification_shown, new_value=\"13434813483036219\", source=unknown"}
{"logTime": "0925/123804", "level": "INFO", "message": "Preference changed: name=translate_ignored_count_for_language, new_value=[object], source=unknown"}
{"logTime": "0925/123805", "level": "INFO", "message": "Preference changed: name=profile.last_time_obsolete_http_credentials_removed, new_value=1790339885.689574, source=unknown"}
{"logTime": "0925/123805", "level": "INFO", "message": "Preference changed: name=profile.were_old_google_logins_removed, new_value=true, source=unknown"}
{"logTime": "0925/123805", "level": "INFO", "message": "Preference changed: name=password_manager.account_store_migrated_to_os_crypt_async, new_value=true, source=unknown"}
{"logTime": "0925/123805", "level": "INFO", "message": "Preference changed: name=password_manager.account_store_backup_password_cleaning_last_timestamp, new_value=\"13434813485690235\", source=unknown"}
{"logTime": "0925/123805", "level": "INFO", "message": "Preference changed: name=profile.last_time_obsolete_http_credentials_removed, new_value=1790339885.691672, source=unknown"}
{"logTime": "0925/123805", "level": "INFO", "message": "Preference changed: name=password_manager.profile_store_migrated_to_os_crypt_async, new_value=true, source=unknown"}
{"logTime": "0925/123805", "level": "INFO", "message": "Preference changed: name=password_manager.profile_store_backup_password_cleaning_last_timestamp, new_value=\"13434813485766213\", source=unknown"}
{"logTime": "0925/123806", "level": "INFO", "message": "Preference changed: name=arbitration_last_notification_shown, new_value=\"13434813486897954\", source=unknown"}
{"logTime": "0925/123808", "level": "INFO", "message": "Preference changed: name=translate_ignored_count_for_language, new_value=[object], source=unknown"}
{"logTime": "0925/123808", "level": "INFO", "message": "PrefStore write completed: store=4, success=true"}
{"logTime": "0925/123809", "level": "INFO", "message": "Preference changed: name=sync.transport_data_per_account, new_value=[object], source=unknown"}
{"logTime": "0925/123809", "level": "INFO", "message": "Preference changed: name=sync.transport_data_per_account, new_value=[object], source=unknown"}
{"logTime": "0925/123809", "level": "INFO", "message": "Preference changed: name=sync.transport_data_per_account, new_value=[object], source=unknown"}
{"logTime": "0925/123810", "level": "INFO", "message": "Preference changed: name=arbitration_last_notification_shown, new_value=\"13434813490507794\", source=unknown"}
{"logTime": "0925/123811", "level": "INFO", "message": "Preference changed: name=https_upgrade_navigations, new_value=[object], source=unknown"}
{"logTime": "0925/123812", "level": "INFO", "message": "Preference changed: name=translate_ignored_count_for_language, new_value=[object], source=unknown"}
{"logTime": "0925/123814", "level": "INFO", "message": "Preference changed: name=arbitration_last_notification_shown, new_value=\"13434813494100195\", source=unknown"}
{"logTime": "0925/123815", "level": "INFO", "message": "Preference changed: name=translate_ignored_count_for_language, new_value=[object], source=unknown"}
{"logTime": "0925/123817", "level": "INFO", "message": "Preference changed: name=arbitration_last_notification_shown, new_value=\"13434813497676232\", source=unknown"}
{"logTime": "0925/123819", "level": "INFO", "message": "Preference changed: name=translate_ignored_count_for_language, new_value=[object], source=unknown"}
{"logTime": "0925/123819", "level": "INFO", "message": "Preference changed: name=arbitration_last_notification_shown, new_value=\"13434813499345776\", source=unknown"}
{"logTime": "0925/123819", "level": "INFO", "message": "PrefStore write completed: store=4, success=true"}
{"logTime": "0925/123820", "level": "INFO", "message": "Preference changed: name=local_browser_data_share.pin_recommendations_eligible, new_value=false, source=unknown"}
{"logTime": "0925/123820", "level": "INFO", "message": "Preference changed: name=local_browser_data_share.index_last_cleaned_time, new_value=\"13434813500118492\", source=unknown"}
{"logTime": "0925/123821", "level": "INFO", "message": "Preference changed: name=translate_ignored_count_for_language, new_value=[object], source=unknown"}
{"logTime": "0925/123823", "level": "INFO", "message": "Preference changed: name=arbitration_last_notification_shown, new_value=\"13434813503129714\", source=unknown"}
{"logTime": "0925/123825", "level": "INFO", "message": "Preference changed: name=translate_ignored_count_for_language, new_value=[object], source=unknown"}
{"logTime": "0925/123826", "level": "INFO", "message": "Preference changed: name=arbitration_last_notification_shown, new_value=\"13434813506885125\", source=unknown"}
{"logTime": "0925/123828", "level": "INFO", "message": "Preference changed: name=translate_ignored_count_for_language, new_value=[object], source=unknown"}
{"logTime": "0925/123828", "level": "INFO", "message": "Preference changed: name=arbitration_last_notification_shown, new_value=\"13434813508779161\", source=unknown"}
{"logTime": "0925/123830", "level": "INFO", "message": "PrefStore write completed: store=4, success=true"}
{"logTime": "0925/123830", "level": "INFO", "message": "Preference changed: name=https_upgrade_navigations, new_value=[object], source=unknown"}
{"logTime": "0925/123830", "level": "INFO", "message": "Preference changed: name=translate_ignored_count_for_language, new_value=[object], source=unknown"}
{"logTime": "0925/123832", "level": "INFO", "message": "Preference changed: name=arbitration_last_notification_shown, new_value=\"13434813512362849\", source=unknown"}
{"logTime": "0925/123834", "level": "INFO", "message": "Preference changed: name=translate_ignored_count_for_language, new_value=[object], source=unknown"}
{"logTime": "0925/123834", "level": "INFO", "message": "Preference changed: name=arbitration_last_notification_shown, new_value=\"13434813514101492\", source=unknown"}
{"logTime": "0925/123835", "level": "INFO", "message": "Preference changed: name=translate_ignored_count_for_language, new_value=[object], source=unknown"}
{"logTime": "0925/123837", "level": "INFO", "message": "Preference changed: name=arbitration_last_notification_shown, new_value=\"13434813517533721\", source=unknown"}
{"logTime": "0925/123839", "level": "INFO", "message": "Preference changed: name=translate_ignored_count_for_language, new_value=[object], source=unknown"}
{"logTime": "0925/123840", "level": "INFO", "message": "PrefStore write completed: store=4, success=true"}
{"logTime": "0925/123841", "level": "INFO", "message": "Preference changed: name=arbitration_last_notification_shown, new_value=\"13434813521024434\", source=unknown"}
{"logTime": "0925/123842", "level": "INFO", "message": "Preference changed: name=translate_ignored_count_for_language, new_value=[object], source=unknown"}
{"logTime": "0925/123844", "level": "INFO", "message": "Preference changed: name=arbitration_last_notification_shown, new_value=\"13434813524306117\", source=unknown"}
{"logTime": "0925/123846", "level": "INFO", "message": "Preference changed: name=translate_ignored_count_for_language, new_value=[object], source=unknown"}
{"logTime": "0925/123847", "level": "INFO", "message": "Preference changed: name=https_upgrade_navigations, new_value=[object], source=unknown"}
{"logTime": "0925/123847", "level": "INFO", "message": "Preference changed: name=arbitration_last_notification_shown, new_value=\"13434813527942458\", source=unknown"}
{"logTime": "0925/123849", "level": "INFO", "message": "Preference changed: name=translate_ignored_count_for_language, new_value=[object], source=unknown"}
{"logTime": "0925/123849", "level": "INFO", "message": "Preference changed: name=arbitration_last_notification_shown, new_value=\"13434813529597600\", source=unknown"}
{"logTime": "0925/123851", "level": "INFO", "message": "PrefStore write completed: store=4, success=true"}
{"logTime": "0925/123851", "level": "INFO", "message": "Preference changed: name=translate_ignored_count_for_language, new_value=[object], source=unknown"}
{"logTime": "0925/123853", "level": "INFO", "message": "Preference changed: name=arbitration_last_notification_shown, new_value=\"13434813533075139\", source=unknown"}
{"logTime": "0925/123856", "level": "INFO", "message": "Preference changed: name=translate_ignored_count_for_language, new_value=[object], source=unknown"}
{"logTime": "0925/123856", "level": "INFO", "message": "Preference changed: name=language_dwell_time_average, new_value=[object], source=unknown"}
{"logTime": "0925/123856", "level": "INFO", "message": "Preference changed: name=language_usage_count, new_value=[object], source=unknown"}
{"logTime": "0925/123856", "level": "INFO", "message": "Preference changed: name=arbitration_last_notification_shown, new_value=\"13434813536628010\", source=unknown"}
{"logTime": "0925/123900", "level": "INFO", "message": "Preference changed: name=translate_ignored_count_for_language, new_value=[object], source=unknown"}
{"logTime": "0925/123900", "level": "INFO", "message": "Preference changed: name=language_dwell_time_average, new_value=[object], source=unknown"}
{"logTime": "0925/123900", "level": "INFO", "message": "Preference changed: name=language_usage_count, new_value=[object], source=unknown"}
{"logTime": "0925/123900", "level": "INFO", "message": "Preference changed: name=arbitration_last_notification_shown, new_value=\"13434813540999744\", source=unknown"}
{"logTime": "0925/123901", "level": "INFO", "message": "PrefStore write completed: store=4, success=true"}
{"logTime": "0925/123902", "level": "INFO", "message": "Preference changed: name=translate_ignored_count_for_language, new_value=[object], source=unknown"}
{"logTime": "0925/123904", "level": "INFO", "message": "Preference changed: name=arbitration_last_notification_shown, new_value=\"13434813544936894\", source=unknown"}
{"logTime": "0925/123906", "level": "INFO", "message": "Preference changed: name=translate_ignored_count_for_language, new_value=[object], source=unknown"}
{"logTime": "0925/123908", "level": "INFO", "message": "Preference changed: name=arbitration_last_notification_shown, new_value=\"13434813548962395\", source=unknown"}
{"logTime": "0925/123910", "level": "INFO", "message": "Preference changed: name=https_upgrade_navigations, new_value=[object], source=unknown"}
{"logTime": "0925/123911", "level": "INFO", "message": "Preference changed: name=translate_ignored_count_for_language, new_value=[object], source=unknown"}
{"logTime": "0925/123911", "level": "INFO", "message": "Preference changed: name=arbitration_last_notification_shown, new_value=\"13434813551057194\", source=unknown"}
{"logTime": "0925/123913", "level": "INFO", "message": "PrefStore write completed: store=4, success=true"}
{"logTime": "0925/123913", "level": "INFO", "message": "Preference changed: name=translate_ignored_count_for_language, new_value=[object], source=unknown"}
{"logTime": "0925/123913", "level": "INFO", "message": "Preference changed: name=arbitration_last_notification_shown, new_value=\"13434813553314161\", source=unknown"}
{"logTime": "0925/123913", "level": "INFO", "message": "Preference changed: name=sync.transport_data_per_account, new_value=[object], source=unknown"}
{"logTime": "0925/123913", "level": "INFO", "message": "Preference changed: name=sync.transport_data_per_account, new_value=[object], source=unknown"}
{"logTime": "0925/123913", "level": "INFO", "message": "Preference changed: name=sync.transport_data_per_account, new_value=[object], source=unknown"}
{"logTime": "0925/123915", "level": "INFO", "message": "Preference changed: name=translate_ignored_count_for_language, new_value=[object], source=unknown"}
{"logTime": "0925/123915", "level": "INFO", "message": "Preference changed: name=arbitration_last_notification_shown, new_value=\"13434813555614952\", source=unknown"}
{"logTime": "0925/123918", "level": "INFO", "message": "Preference changed: name=translate_ignored_count_for_language, new_value=[object], source=unknown"}
{"logTime": "0925/123918", "level": "INFO", "message": "Preference changed: name=arbitration_last_notification_shown, new_value=\"13434813558182079\", source=unknown"}
{"logTime": "0925/123920", "level": "INFO", "message": "Preference changed: name=translate_ignored_count_for_language, new_value=[object], source=unknown"}
{"logTime": "0925/123922", "level": "INFO", "message": "Preference changed: name=arbitration_last_notification_shown, new_value=\"13434813562404584\", source=unknown"}
{"logTime": "0925/123923", "level": "INFO", "message": "PrefStore write completed: store=4, success=true"}
{"logTime": "0925/123924", "level": "INFO", "message": "Preference changed: name=translate_ignored_count_for_language, new_value=[object], source=unknown"}
{"logTime": "0925/123924", "level": "INFO", "message": "Preference changed: name=arbitration_last_notification_shown, new_value=\"13434813564596502\", source=unknown"}
{"logTime": "0925/123926", "level": "INFO", "message": "Preference changed: name=translate_ignored_count_for_language, new_value=[object], source=unknown"}
{"logTime": "0925/123926", "level": "INFO", "message": "Preference changed: name=arbitration_last_notification_shown, new_value=\"13434813566653300\", source=unknown"}
{"logTime": "0925/123929", "level": "INFO", "message": "Preference changed: name=translate_ignored_count_for_language, new_value=[object], source=unknown"}
{"logTime": "0925/123929", "level": "INFO", "message": "Preference changed: name=arbitration_last_notification_shown, new_value=\"13434813569183337\", source=unknown"}
{"logTime": "0925/123931", "level": "INFO", "message": "Preference changed: name=translate_ignored_count_for_language, new_value=[object], source=unknown"}
{"logTime": "0925/123931", "level": "INFO", "message": "Preference changed: name=arbitration_last_notification_shown, new_value=\"13434813571299955\", source=unknown"}
{"logTime": "0925/123933", "level": "INFO", "message": "Preference changed: name=https_upgrade_navigations, new_value=[object], source=unknown"}
{"logTime": "0925/123933", "level": "INFO", "message": "Preference changed: name=translate_ignored_count_for_language, new_value=[object], source=unknown"}
{"logTime": "0925/123934", "level": "INFO", "message": "PrefStore write completed: store=4, success=true"}
{"logTime": "0925/123935", "level": "INFO", "message": "Preference changed: name=arbitration_last_notification_shown, new_value=\"13434813575426218\", source=unknown"}
{"logTime": "0925/123937", "level": "INFO", "message": "Preference changed: name=translate_ignored_count_for_language, new_value=[object], source=unknown"}
{"logTime": "0925/123937", "level": "INFO", "message": "Preference changed: name=arbitration_last_notification_shown, new_value=\"13434813577453940\", source=unknown"}
{"logTime": "0925/123939", "level": "INFO", "message": "Preference changed: name=translate_ignored_count_for_language, new_value=[object], source=unknown"}
{"logTime": "0925/123941", "level": "INFO", "message": "Preference changed: name=arbitration_last_notification_shown, new_value=\"13434813581145046\", source=unknown"}
{"logTime": "0925/123942", "level": "INFO", "message": "Preference changed: name=translate_ignored_count_for_language, new_value=[object], source=unknown"}
{"logTime": "0925/123944", "level": "INFO", "message": "Preference changed: name=arbitration_last_notification_shown, new_value=\"13434813584795966\", source=unknown"}
{"logTime": "0925/123945", "level": "INFO", "message": "PrefStore write completed: store=4, success=true"}
{"logTime": "0925/123946", "level": "INFO", "message": "Preference changed: name=translate_ignored_count_for_language, new_value=[object], source=unknown"}
{"logTime": "0925/123948", "level": "INFO", "message": "Preference changed: name=arbitration_last_notification_shown, new_value=\"13434813588648244\", source=unknown"}
{"logTime": "0925/123950", "level": "INFO", "message": "Preference changed: name=translate_ignored_count_for_language, new_value=[object], source=unknown"}
{"logTime": "0925/123950", "level": "INFO", "message": "Preference changed: name=arbitration_last_notification_shown, new_value=\"13434813590665100\", source=unknown"}
{"logTime": "0925/123951", "level": "INFO", "message": "Preference changed: name=in_product_help.session_last_active_time, new_value=\"13434813589093793\", source=unknown"}
{"logTime": "0925/123952", "level": "INFO", "message": "Preference changed: name=https_upgrade_navigations, new_value=[object], source=unknown"}
{"logTime": "0925/123952", "level": "INFO", "message": "Preference changed: name=translate_ignored_count_for_language, new_value=[object], source=unknown"}
{"logTime": "0925/123952", "level": "INFO", "message": "Preference changed: name=arbitration_last_notification_shown, new_value=\"13434813592889866\", source=unknown"}
{"logTime": "0925/123955", "level": "INFO", "message": "Preference changed: name=translate_ignored_count_for_language, new_value=[object], source=unknown"}
{"logTime": "0925/123955", "level": "INFO", "message": "Preference changed: name=language_dwell_time_average, new_value=[object], source=unknown"}
{"logTime": "0925/123955", "level": "INFO", "message": "Preference changed: name=language_usage_count, new_value=[object], source=unknown"}
{"logTime": "0925/123955", "level": "INFO", "message": "Preference changed: name=arbitration_last_notification_shown, new_value=\"13434813595933158\", source=unknown"}
{"logTime": "0925/123956", "level": "INFO", "message": "PrefStore write completed: store=4, success=true"}
{"logTime": "0925/123958", "level": "INFO", "message": "Preference changed: name=translate_ignored_count_for_language, new_value=[object], source=unknown"}
{"logTime": "0925/123959", "level": "INFO", "message": "Preference changed: name=language_dwell_time_average, new_value=[object], source=unknown"}
{"logTime": "0925/123959", "level": "INFO", "message": "Preference changed: name=language_usage_count, new_value=[object], source=unknown"}
{"logTime": "0925/123959", "level": "INFO", "message": "Preference changed: name=arbitration_last_notification_shown, new_value=\"13434813599045107\", source=unknown"}
{"logTime": "0925/124001", "level": "INFO", "message": "Preference changed: name=translate_ignored_count_for_language, new_value=[object], source=unknown"}
{"logTime": "0925/124002", "level": "INFO", "message": "Preference changed: name=language_dwell_time_average, new_value=[object], source=unknown"}
{"logTime": "0925/124002", "level": "INFO", "message": "Preference changed: name=language_usage_count, new_value=[object], source=unknown"}
{"logTime": "0925/124002", "level": "INFO", "message": "Preference changed: name=arbitration_last_notification_shown, new_value=\"13434813602426840\", source=unknown"}
{"logTime": "0925/124005", "level": "INFO", "message": "Preference changed: name=translate_ignored_count_for_language, new_value=[object], source=unknown"}
{"logTime": "0925/124005", "level": "INFO", "message": "Preference changed: name=language_dwell_time_average, new_value=[object], source=unknown"}
{"logTime": "0925/124005", "level": "INFO", "message": "Preference changed: name=language_usage_count, new_value=[object], source=unknown"}
{"logTime": "0925/124005", "level": "INFO", "message": "Preference changed: name=arbitration_last_notification_shown, new_value=\"13434813605528912\", source=unknown"}
{"logTime": "0925/124006", "level": "INFO", "message": "Preference changed: name=in_product_help.session_last_active_time, new_value=\"13434813589104334\", source=unknown"}
{"logTime": "0925/124008", "level": "INFO", "message": "Preference changed: name=translate_ignored_count_for_language, new_value=[object], source=unknown"}
{"logTime": "0925/124008", "level": "INFO", "message": "Preference changed: name=language_dwell_time_average, new_value=[object], source=unknown"}
{"logTime": "0925/124008", "level": "INFO", "message": "Preference changed: name=language_usage_count, new_value=[object], source=unknown"}
{"logTime": "0925/124008", "level": "INFO", "message": "Preference changed: name=arbitration_last_notification_shown, new_value=\"13434813608684307\", source=unknown"}
{"logTime": "0925/124008", "level": "INFO", "message": "PrefStore write completed: store=4, success=true"}
{"logTime": "0925/124011", "level": "INFO", "message": "Preference changed: name=translate_ignored_count_for_language, new_value=[object], source=unknown"}
{"logTime": "0925/124011", "level": "INFO", "message": "Preference changed: name=arbitration_last_notification_shown, new_value=\"13434813611628582\", source=unknown"}
{"logTime": "0925/124014", "level": "INFO", "message": "Preference changed: name=translate_ignored_count_for_language, new_value=[object], source=unknown"}
{"logTime": "0925/124014", "level": "INFO", "message": "Preference changed: name=language_dwell_time_average, new_value=[object], source=unknown"}
{"logTime": "0925/124014", "level": "INFO", "message": "Preference changed: name=language_usage_count, new_value=[object], source=unknown"}
{"logTime": "0925/124014", "level": "INFO", "message": "Preference changed: name=arbitration_last_notification_shown, new_value=\"13434813614785080\", source=unknown"}
{"logTime": "0925/124017", "level": "INFO", "message": "Preference changed: name=sync.transport_data_per_account, new_value=[object], source=unknown"}
{"logTime": "0925/124017", "level": "INFO", "message": "Preference changed: name=sync.transport_data_per_account, new_value=[object], source=unknown"}
{"logTime": "0925/124017", "level": "INFO", "message": "Preference changed: name=sync.transport_data_per_account, new_value=[object], source=unknown"}
{"logTime": "0925/124017", "level": "INFO", "message": "Preference changed: name=translate_ignored_count_for_language, new_value=[object], source=unknown"}
{"logTime": "0925/124017", "level": "INFO", "message": "Preference changed: name=arbitration_last_notification_shown, new_value=\"13434813617664692\", source=unknown"}
{"logTime": "0925/124020", "level": "INFO", "message": "Preference changed: name=translate_ignored_count_for_language, new_value=[object], source=unknown"}
{"logTime": "0925/124020", "level": "INFO", "message": "Preference changed: name=arbitration_last_notification_shown, new_value=\"13434813620256863\", source=unknown"}
{"logTime": "0925/124021", "level": "INFO", "message": "PrefStore write completed: store=4, success=true"}
{"logTime": "0925/124022", "level": "INFO", "message": "Preference changed: name=https_upgrade_navigations, new_value=[object], source=unknown"}
{"logTime": "0925/124023", "level": "INFO", "message": "Preference changed: name=translate_ignored_count_for_language, new_value=[object], source=unknown"}
{"logTime": "0925/124023", "level": "INFO", "message": "Preference changed: name=language_dwell_time_average, new_value=[object], source=unknown"}
{"logTime": "0925/124023", "level": "INFO", "message": "Preference changed: name=language_usage_count, new_value=[object], source=unknown"}
{"logTime": "0925/124023", "level": "INFO", "message": "Preference changed: name=arbitration_last_notification_shown, new_value=\"13434813623489549\", source=unknown"}
{"logTime": "0925/124026", "level": "INFO", "message": "Preference changed: name=translate_ignored_count_for_language, new_value=[object], source=unknown"}
{"logTime": "0925/124026", "level": "INFO", "message": "Preference changed: name=language_dwell_time_average, new_value=[object], source=unknown"}
{"logTime": "0925/124026", "level": "INFO", "message": "Preference changed: name=language_usage_count, new_value=[object], source=unknown"}
{"logTime": "0925/124026", "level": "INFO", "message": "Preference changed: name=arbitration_last_notification_shown, new_value=\"13434813626656505\", source=unknown"}
{"logTime": "0925/124030", "level": "INFO", "message": "Preference changed: name=translate_ignored_count_for_language, new_value=[object], source=unknown"}
{"logTime": "0925/124030", "level": "INFO", "message": "Preference changed: name=language_dwell_time_average, new_value=[object], source=unknown"}
{"logTime": "0925/124030", "level": "INFO", "message": "Preference changed: name=language_usage_count, new_value=[object], source=unknown"}
{"logTime": "0925/124030", "level": "INFO", "message": "Preference changed: name=arbitration_last_notification_shown, new_value=\"13434813630316394\", source=unknown"}
{"logTime": "0925/124032", "level": "INFO", "message": "PrefStore write completed: store=4, success=true"}
{"logTime": "0925/124033", "level": "INFO", "message": "Preference changed: name=translate_ignored_count_for_language, new_value=[object], source=unknown"}
{"logTime": "0925/124033", "level": "INFO", "message": "Preference changed: name=language_dwell_time_average, new_value=[object], source=unknown"}
{"logTime": "0925/124033", "level": "INFO", "message": "Preference changed: name=language_usage_count, new_value=[object], source=unknown"}
{"logTime": "0925/124033", "level": "INFO", "message": "Preference changed: name=arbitration_last_notification_shown, new_value=\"13434813633360010\", source=unknown"}
{"logTime": "0925/124036", "level": "INFO", "message": "Preference changed: name=translate_ignored_count_for_language, new_value=[object], source=unknown"}
{"logTime": "0925/124036", "level": "INFO", "message": "Preference changed: name=arbitration_last_notification_shown, new_value=\"13434813636287343\", source=unknown"}
{"logTime": "0925/124038", "level": "INFO", "message": "Preference changed: name=translate_ignored_count_for_language, new_value=[object], source=unknown"}
{"logTime": "0925/124038", "level": "INFO", "message": "Preference changed: name=arbitration_last_notification_shown, new_value=\"13434813638977880\", source=unknown"}
{"logTime": "0925/124041", "level": "INFO", "message": "Preference changed: name=translate_ignored_count_for_language, new_value=[object], source=unknown"}
{"logTime": "0925/124041", "level": "INFO", "message": "Preference changed: name=arbitration_last_notification_shown, new_value=\"13434813641854946\", source=unknown"}
{"logTime": "0925/124043", "level": "INFO", "message": "PrefStore write completed: store=4, success=true"}
{"logTime": "0925/124044", "level": "INFO", "message": "Preference changed: name=translate_ignored_count_for_language, new_value=[object], source=unknown"}
{"logTime": "0925/124044", "level": "INFO", "message": "Preference changed: name=arbitration_last_notification_shown, new_value=\"13434813644743743\", source=unknown"}
{"logTime": "0925/124047", "level": "INFO", "message": "Preference changed: name=translate_ignored_count_for_language, new_value=[object], source=unknown"}
{"logTime": "0925/124047", "level": "INFO", "message": "Preference changed: name=arbitration_last_notification_shown, new_value=\"13434813647735475\", source=unknown"}
{"logTime": "0925/124051", "level": "INFO", "message": "Preference changed: name=translate_ignored_count_for_language, new_value=[object], source=unknown"}
{"logTime": "0925/124051", "level": "INFO", "message": "Preference changed: name=language_dwell_time_average, new_value=[object], source=unknown"}
{"logTime": "0925/124051", "level": "INFO", "message": "Preference changed: name=language_usage_count, new_value=[object], source=unknown"}
{"logTime": "0925/124051", "level": "INFO", "message": "Preference changed: name=arbitration_last_notification_shown, new_value=\"13434813651429312\", source=unknown"}
{"logTime": "0925/124053", "level": "INFO", "message": "Preference changed: name=https_upgrade_navigations, new_value=[object], source=unknown"}
{"logTime": "0925/124053", "level": "INFO", "message": "Preference changed: name=translate_ignored_count_for_language, new_value=[object], source=unknown"}
{"logTime": "0925/124054", "level": "INFO", "message": "Preference changed: name=arbitration_last_notification_shown, new_value=\"13434813654137863\", source=unknown"}
{"logTime": "0925/124054", "level": "INFO", "message": "PrefStore write completed: store=4, success=true"}
{"logTime": "0925/124057", "level": "INFO", "message": "Preference changed: name=translate_ignored_count_for_language, new_value=[object], source=unknown"}
{"logTime": "0925/124057", "level": "INFO", "message": "Preference changed: name=language_dwell_time_average, new_value=[object], source=unknown"}
{"logTime": "0925/124057", "level": "INFO", "message": "Preference changed: name=language_usage_count, new_value=[object], source=unknown"}
{"logTime": "0925/124057", "level": "INFO", "message": "Preference changed: name=arbitration_last_notification_shown, new_value=\"13434813657276747\", source=unknown"}
{"logTime": "0925/124100", "level": "INFO", "message": "Preference changed: name=translate_ignored_count_for_language, new_value=[object], source=unknown"}
{"logTime": "0925/124100", "level": "INFO", "message": "Preference changed: name=language_dwell_time_average, new_value=[object], source=unknown"}
{"logTime": "0925/124100", "level": "INFO", "message": "Preference changed: name=language_usage_count, new_value=[object], source=unknown"}
{"logTime": "0925/124100", "level": "INFO", "message": "Preference changed: name=arbitration_last_notification_shown, new_value=\"13434813660345315\", source=unknown"}
{"logTime": "0925/124103", "level": "INFO", "message": "Preference changed: name=translate_ignored_count_for_language, new_value=[object], source=unknown"}
{"logTime": "0925/124103", "level": "INFO", "message": "Preference changed: name=arbitration_last_notification_shown, new_value=\"13434813663215104\", source=unknown"}
{"logTime": "0925/124105", "level": "INFO", "message": "Preference changed: name=translate_ignored_count_for_language, new_value=[object], source=unknown"}
{"logTime": "0925/124106", "level": "INFO", "message": "Preference changed: name=arbitration_last_notification_shown, new_value=\"13434813666025058\", source=unknown"}
{"logTime": "0925/124107", "level": "INFO", "message": "PrefStore write completed: store=4, success=true"}
{"logTime": "0925/124108", "level": "INFO", "message": "Preference changed: name=translate_ignored_count_for_language, new_value=[object], source=unknown"}
{"logTime": "0925/124108", "level": "INFO", "message": "Preference changed: name=arbitration_last_notification_shown, new_value=\"13434813668697245\", source=unknown"}
{"logTime": "0925/124112", "level": "INFO", "message": "Preference changed: name=translate_ignored_count_for_language, new_value=[object], source=unknown"}
{"logTime": "0925/124113", "level": "INFO", "message": "Preference changed: name=language_dwell_time_average, new_value=[object], source=unknown"}
{"logTime": "0925/124113", "level": "INFO", "message": "Preference changed: name=language_usage_count, new_value=[object], source=unknown"}
{"logTime": "0925/124113", "level": "INFO", "message": "Preference changed: name=arbitration_last_notification_shown, new_value=\"13434813673054989\", source=unknown"}
{"logTime": "0925/124115", "level": "INFO", "message": "Preference changed: name=translate_ignored_count_for_language, new_value=[object], source=unknown"}
{"logTime": "0925/124115", "level": "INFO", "message": "Preference changed: name=arbitration_last_notification_shown, new_value=\"13434813675577847\", source=unknown"}
{"logTime": "0925/124118", "level": "INFO", "message": "Preference changed: name=translate_ignored_count_for_language, new_value=[object], source=unknown"}
{"logTime": "0925/124118", "level": "INFO", "message": "PrefStore write completed: store=4, success=true"}
{"logTime": "0925/124118", "level": "INFO", "message": "Preference changed: name=arbitration_last_notification_shown, new_value=\"13434813678567729\", source=unknown"}
{"logTime": "0925/124120", "level": "INFO", "message": "Preference changed: name=sync.transport_data_per_account, new_value=[object], source=unknown"}
{"logTime": "0925/124120", "level": "INFO", "message": "Preference changed: name=sync.transport_data_per_account, new_value=[object], source=unknown"}
{"logTime": "0925/124120", "level": "INFO", "message": "Preference changed: name=sync.transport_data_per_account, new_value=[object], source=unknown"}
{"logTime": "0925/124121", "level": "INFO", "message": "Preference changed: name=translate_ignored_count_for_language, new_value=[object], source=unknown"}
{"logTime": "0925/124121", "level": "INFO", "message": "Preference changed: name=arbitration_last_notification_shown, new_value=\"13434813681235096\", source=unknown"}
{"logTime": "0925/124123", "level": "INFO", "message": "Preference changed: name=https_upgrade_navigations, new_value=[object], source=unknown"}
{"logTime": "0925/124123", "level": "INFO", "message": "Preference changed: name=translate_ignored_count_for_language, new_value=[object], source=unknown"}
{"logTime": "0925/124124", "level": "INFO", "message": "Preference changed: name=arbitration_last_notification_shown, new_value=\"13434813684048327\", source=unknown"}
{"logTime": "0925/124126", "level": "INFO", "message": "Preference changed: name=translate_ignored_count_for_language, new_value=[object], source=unknown"}
{"logTime": "0925/124126", "level": "INFO", "message": "Preference changed: name=arbitration_last_notification_shown, new_value=\"13434813686824100\", source=unknown"}
{"logTime": "0925/124128", "level": "INFO", "message": "PrefStore write completed: store=4, success=true"}
{"logTime": "0925/124129", "level": "INFO", "message": "Preference changed: name=translate_ignored_count_for_language, new_value=[object], source=unknown"}
{"logTime": "0925/124129", "level": "INFO", "message": "Preference changed: name=arbitration_last_notification_shown, new_value=\"13434813689411284\", source=unknown"}
{"logTime": "0925/124132", "level": "INFO", "message": "Preference changed: name=translate_ignored_count_for_language, new_value=[object], source=unknown"}
{"logTime": "0925/124132", "level": "INFO", "message": "Preference changed: name=language_dwell_time_average, new_value=[object], source=unknown"}
{"logTime": "0925/124132", "level": "INFO", "message": "Preference changed: name=language_usage_count, new_value=[object], source=unknown"}
{"logTime": "0925/124132", "level": "INFO", "message": "Preference changed: name=arbitration_last_notification_shown, new_value=\"13434813692492438\", source=unknown"}
